# MagicaVoxel @ Ephtracy

# group
o 

# material
mtllib gem.mtl
usemtl palette

# normals
vn -1 0 0
vn 1 0 0
vn 0 0 1
vn 0 0 -1
vn 0 -1 0
vn 0 1 0

# texcoords
vt 0.00976562 0.5
vt 0.0136719 0.5
vt 0.0371094 0.5
vt 0.0449219 0.5
vt 0.283203 0.5
vt 0.583984 0.5
vt 0.587891 0.5
vt 0.591797 0.5
vt 0.841797 0.5

# verts
v -1.6 1.2 1.2
v -1.6 1.2 1
v -1.6 1.2 -1.4
v -1.6 1.2 -1.6
v -1.6 1.4 1.2
v -1.6 1.4 1
v -1.6 1.4 -1.4
v -1.6 1.4 -1.6
v -1.6 1.8 1.2
v -1.6 1.8 1
v -1.6 2 1.2
v -1.6 2 1
v -1.6 2 -1.4
v -1.6 2 -1.6
v -1.6 3.4 1.2
v -1.6 3.4 1
v -1.6 3.4 -1.4
v -1.6 3.4 -1.6
v -1.6 4 -1.4
v -1.6 4 -1.6
v -1.6 4.2 1.2
v -1.6 4.2 1
v -1.6 4.2 -1.4
v -1.6 4.2 -1.6
v -1.4 1 1
v -1.4 1 0.8
v -1.4 1 -1.2
v -1.4 1 -1.4
v -1.4 1.2 1.4
v -1.4 1.2 1.2
v -1.4 1.2 1
v -1.4 1.2 0.8
v -1.4 1.2 0.4
v -1.4 1.2 0.2
v -1.4 1.2 -0.4
v -1.4 1.2 -1
v -1.4 1.2 -1.2
v -1.4 1.2 -1.4
v -1.4 1.2 -1.6
v -1.4 1.2 -1.8
v -1.4 1.4 1.2
v -1.4 1.4 1
v -1.4 1.4 0.8
v -1.4 1.4 0.4
v -1.4 1.4 0.2
v -1.4 1.4 -0.4
v -1.4 1.4 -0.8
v -1.4 1.4 -1.2
v -1.4 1.4 -1.4
v -1.4 1.4 -1.6
v -1.4 1.6 1.4
v -1.4 1.6 1.2
v -1.4 1.6 0.4
v -1.4 1.6 0.2
v -1.4 1.8 1.2
v -1.4 1.8 1
v -1.4 1.8 0.4
v -1.4 1.8 0.2
v -1.4 1.8 -1
v -1.4 1.8 -1.2
v -1.4 1.8 -1.6
v -1.4 1.8 -1.8
v -1.4 2 1.4
v -1.4 2 1.2
v -1.4 2 1
v -1.4 2 -0.6
v -1.4 2 -0.8
v -1.4 2 -1.2
v -1.4 2 -1.4
v -1.4 2 -1.6
v -1.4 2.2 1.4
v -1.4 2.2 1.2
v -1.4 2.2 0.4
v -1.4 2.2 0
v -1.4 2.2 -0.2
v -1.4 2.2 -0.6
v -1.4 2.2 -0.8
v -1.4 2.6 0
v -1.4 2.6 -0.2
v -1.4 2.6 -0.8
v -1.4 2.6 -1.6
v -1.4 2.8 0.4
v -1.4 2.8 0.2
v -1.4 3 0.4
v -1.4 3 0.2
v -1.4 3 -0.4
v -1.4 3 -0.8
v -1.4 3.2 -0.4
v -1.4 3.2 -0.8
v -1.4 3.4 1.2
v -1.4 3.4 1
v -1.4 3.4 -0.4
v -1.4 3.4 -0.8
v -1.4 3.4 -1
v -1.4 3.4 -1.4
v -1.4 3.4 -1.6
v -1.4 3.6 -1
v -1.4 3.6 -1.4
v -1.4 3.8 -0.2
v -1.4 3.8 -0.4
v -1.4 3.8 -1.2
v -1.4 3.8 -1.4
v -1.4 4 1.4
v -1.4 4 1.2
v -1.4 4 1
v -1.4 4 0.8
v -1.4 4 0.4
v -1.4 4 0
v -1.4 4 -0.4
v -1.4 4 -0.6
v -1.4 4 -0.8
v -1.4 4 -1
v -1.4 4 -1.2
v -1.4 4 -1.4
v -1.4 4 -1.6
v -1.4 4.2 1.4
v -1.4 4.2 1.2
v -1.4 4.2 1
v -1.4 4.2 0.8
v -1.4 4.2 0
v -1.4 4.2 -0.2
v -1.4 4.2 -0.6
v -1.4 4.2 -0.8
v -1.4 4.2 -1
v -1.4 4.2 -1.2
v -1.4 4.2 -1.4
v -1.4 4.2 -1.6
v -1.4 4.2 -1.8
v -1.4 4.4 1
v -1.4 4.4 0.8
v -1.4 4.4 -1.2
v -1.4 4.4 -1.4
v -1.2 0.8 0.8
v -1.2 0.8 0.6
v -1.2 0.8 -1
v -1.2 0.8 -1.2
v -1.2 1 1.2
v -1.2 1 1
v -1.2 1 0.8
v -1.2 1 0.6
v -1.2 1 0.2
v -1.2 1 -0.4
v -1.2 1 -0.8
v -1.2 1 -1
v -1.2 1 -1.2
v -1.2 1 -1.4
v -1.2 1 -1.6
v -1.2 1.2 1.6
v -1.2 1.2 1.4
v -1.2 1.2 1.2
v -1.2 1.2 1
v -1.2 1.2 0.8
v -1.2 1.2 0.6
v -1.2 1.2 0.4
v -1.2 1.2 0.2
v -1.2 1.2 -0.4
v -1.2 1.2 -0.8
v -1.2 1.2 -1
v -1.2 1.2 -1.2
v -1.2 1.2 -1.4
v -1.2 1.2 -1.6
v -1.2 1.2 -1.8
v -1.2 1.2 -2
v -1.2 1.4 1.6
v -1.2 1.4 1.4
v -1.2 1.4 -1.8
v -1.2 1.4 -2
v -1.2 1.6 1.4
v -1.2 1.8 -1.8
v -1.2 1.8 -2
v -1.2 2 1.6
v -1.2 2 1.4
v -1.2 2 -1.8
v -1.2 2 -2
v -1.2 3.4 1.6
v -1.2 3.4 1.4
v -1.2 3.4 -1.8
v -1.2 3.4 -2
v -1.2 3.8 -1.8
v -1.2 3.8 -2
v -1.2 4 1.6
v -1.2 4 1.4
v -1.2 4.2 1.6
v -1.2 4.2 1.4
v -1.2 4.2 1.2
v -1.2 4.2 1
v -1.2 4.2 0.8
v -1.2 4.2 0.6
v -1.2 4.2 0.4
v -1.2 4.2 0
v -1.2 4.2 -0.2
v -1.2 4.2 -0.4
v -1.2 4.2 -0.6
v -1.2 4.2 -0.8
v -1.2 4.2 -1
v -1.2 4.2 -1.2
v -1.2 4.2 -1.4
v -1.2 4.2 -1.6
v -1.2 4.2 -1.8
v -1.2 4.2 -2
v -1.2 4.4 1.2
v -1.2 4.4 1
v -1.2 4.4 0.8
v -1.2 4.4 0.6
v -1.2 4.4 0.4
v -1.2 4.4 -0.2
v -1.2 4.4 -0.4
v -1.2 4.4 -1
v -1.2 4.4 -1.2
v -1.2 4.4 -1.4
v -1.2 4.4 -1.6
v -1.2 4.6 0.8
v -1.2 4.6 0.6
v -1.2 4.6 -1
v -1.2 4.6 -1.2
v -1 0.6 0.6
v -1 0.6 0.4
v -1 0.6 -0.8
v -1 0.6 -1
v -1 0.8 1
v -1 0.8 0.8
v -1 0.8 0.6
v -1 0.8 0.4
v -1 0.8 -0.2
v -1 0.8 -0.8
v -1 0.8 -1
v -1 0.8 -1.2
v -1 0.8 -1.4
v -1 1 1.4
v -1 1 1.2
v -1 1 1
v -1 1 0.8
v -1 1 0.6
v -1 1 0.4
v -1 1 0.2
v -1 1 -0.2
v -1 1 -0.4
v -1 1 -0.8
v -1 1 -1
v -1 1 -1.2
v -1 1 -1.4
v -1 1 -1.6
v -1 1 -1.8
v -1 1.2 1.4
v -1 1.2 1.2
v -1 1.2 -1.6
v -1 1.2 -1.8
v -1 1.4 1.4
v -1 1.4 1.2
v -1 1.4 -1.6
v -1 1.4 -1.8
v -1 1.6 1.4
v -1 1.6 1.2
v -1 1.6 0.4
v -1 1.6 0.2
v -1 1.6 -1.6
v -1 1.6 -1.8
v -1 1.8 0.4
v -1 1.8 0.2
v -1 2 -0.6
v -1 2 -0.8
v -1 2.2 -0.6
v -1 2.2 -0.8
v -1 2.8 0.4
v -1 2.8 0.2
v -1 3 0.4
v -1 3 0.2
v -1 3.4 -0.4
v -1 3.4 -1
v -1 4 -0.4
v -1 4 -1
v -1 4.2 1.4
v -1 4.2 1.2
v -1 4.2 -1.6
v -1 4.2 -1.8
v -1 4.4 1.4
v -1 4.4 1.2
v -1 4.4 1
v -1 4.4 0.8
v -1 4.4 0.6
v -1 4.4 0.4
v -1 4.4 0
v -1 4.4 -0.2
v -1 4.4 -0.4
v -1 4.4 -0.8
v -1 4.4 -1
v -1 4.4 -1.2
v -1 4.4 -1.4
v -1 4.4 -1.6
v -1 4.4 -1.8
v -1 4.6 1
v -1 4.6 0.8
v -1 4.6 0.6
v -1 4.6 0.4
v -1 4.6 0
v -1 4.6 -0.4
v -1 4.6 -0.8
v -1 4.6 -1
v -1 4.6 -1.2
v -1 4.6 -1.4
v -1 4.8 0.6
v -1 4.8 0.4
v -1 4.8 -0.8
v -1 4.8 -1
v -0.8 0.4 0.6
v -0.8 0.4 0.4
v -0.8 0.4 -0.8
v -0.8 0.4 -1
v -0.8 0.6 0.8
v -0.8 0.6 0.6
v -0.8 0.6 0.4
v -0.8 0.6 -0.8
v -0.8 0.6 -1
v -0.8 0.6 -1.2
v -0.8 0.8 1.2
v -0.8 0.8 1
v -0.8 0.8 0.8
v -0.8 0.8 0.6
v -0.8 0.8 0.4
v -0.8 0.8 -0.2
v -0.8 0.8 -0.8
v -0.8 0.8 -1
v -0.8 0.8 -1.2
v -0.8 0.8 -1.4
v -0.8 0.8 -1.6
v -0.8 1 1.2
v -0.8 1 1
v -0.8 1 -1.4
v -0.8 1 -1.6
v -0.8 4.4 1.2
v -0.8 4.4 1
v -0.8 4.4 -1.4
v -0.8 4.4 -1.6
v -0.8 4.6 1.2
v -0.8 4.6 1
v -0.8 4.6 0.8
v -0.8 4.6 0.6
v -0.8 4.6 0.4
v -0.8 4.6 0.2
v -0.8 4.6 0
v -0.8 4.6 -0.4
v -0.8 4.6 -0.6
v -0.8 4.6 -0.8
v -0.8 4.6 -1
v -0.8 4.6 -1.2
v -0.8 4.6 -1.4
v -0.8 4.6 -1.6
v -0.8 4.8 0.8
v -0.8 4.8 0.6
v -0.8 4.8 0.4
v -0.8 4.8 0.2
v -0.8 4.8 -0.6
v -0.8 4.8 -0.8
v -0.8 4.8 -1
v -0.8 4.8 -1.2
v -0.8 5 0.6
v -0.8 5 0.4
v -0.8 5 -0.8
v -0.8 5 -1
v -0.6 0.2 0.4
v -0.6 0.2 0.2
v -0.6 0.2 -0.8
v -0.6 0.2 -1
v -0.6 0.4 0.8
v -0.6 0.4 0.6
v -0.6 0.4 0.4
v -0.6 0.4 0.2
v -0.6 0.4 -0.8
v -0.6 0.4 -1
v -0.6 0.4 -1.2
v -0.6 0.6 1
v -0.6 0.6 0.8
v -0.6 0.6 0.6
v -0.6 0.6 -1
v -0.6 0.6 -1.2
v -0.6 0.6 -1.4
v -0.6 0.8 1
v -0.6 0.8 0.8
v -0.6 0.8 -1.2
v -0.6 0.8 -1.4
v -0.6 2.6 -1.4
v -0.6 2.6 -1.6
v -0.6 2.6 -1.8
v -0.6 2.8 -1.4
v -0.6 2.8 -1.6
v -0.6 2.8 -1.8
v -0.6 4.6 1
v -0.6 4.6 0.8
v -0.6 4.6 -1.2
v -0.6 4.6 -1.4
v -0.6 4.8 1
v -0.6 4.8 0.8
v -0.6 4.8 0.6
v -0.6 4.8 0.4
v -0.6 4.8 0.2
v -0.6 4.8 -0.6
v -0.6 4.8 -0.8
v -0.6 4.8 -1
v -0.6 4.8 -1.2
v -0.6 4.8 -1.4
v -0.6 5 0.8
v -0.6 5 0.6
v -0.6 5 0.4
v -0.6 5 -0.8
v -0.6 5 -1
v -0.6 5 -1.2
v -0.6 5.2 0.6
v -0.6 5.2 0.4
v -0.6 5.2 -0.8
v -0.6 5.2 -1
v -0.4 0 0.4
v -0.4 0 -1
v -0.4 0.2 0.6
v -0.4 0.2 0.4
v -0.4 0.2 0.2
v -0.4 0.2 -0.8
v -0.4 0.2 -1
v -0.4 0.2 -1.2
v -0.4 0.4 0.6
v -0.4 0.4 0.4
v -0.4 0.4 -1
v -0.4 0.4 -1.2
v -0.4 1.6 1.4
v -0.4 1.6 1.2
v -0.4 1.6 1
v -0.4 1.8 1.4
v -0.4 1.8 1.2
v -0.4 1.8 1
v -0.4 5 0.4
v -0.4 5 -0.8
v -0.4 5.2 0.4
v -0.4 5.2 -0.8
v -0.2 1.4 1.2
v -0.2 1.4 0.8
v -0.2 1.4 0.4
v -0.2 1.6 1.2
v -0.2 1.6 1
v -0.2 1.6 0.8
v -0.2 1.6 0.4
v -0.2 2.4 1.4
v -0.2 2.4 1.2
v -0.2 2.4 1
v -0.2 3.4 1.4
v -0.2 3.4 1.2
v -0.2 3.4 1
v -0.2 5.2 0.2
v -0.2 5.2 -0.6
v -0.2 5.4 0.2
v -0.2 5.4 -0.6
v 0 1.8 -1.4
v 0 1.8 -1.6
v 0 1.8 -1.8
v 0 2 -1.4
v 0 2 -1.6
v 0 2 -1.8
v 0 5.4 0
v 0 5.4 -0.4
v 0 5.6 0
v 0 5.6 -0.4
v 0.2 1.4 1.4
v 0.2 1.4 1.2
v 0.2 1.4 1
v 0.2 1.6 1.4
v 0.2 1.6 1.2
v 0.2 1.6 1
v 0.6 0.6 1
v 0.6 0.6 0.8
v 0.6 0.6 -1.2
v 0.6 0.6 -1.4
v 0.6 0.8 1
v 0.6 0.8 0.8
v 0.6 0.8 -1.2
v 0.6 0.8 -1.4
v 0.6 4.6 1
v 0.6 4.6 0.8
v 0.6 4.6 -1.2
v 0.6 4.6 -1.4
v 0.6 4.8 1
v 0.6 4.8 0.8
v 0.6 4.8 0.6
v 0.6 4.8 -1
v 0.6 4.8 -1.2
v 0.6 4.8 -1.4
v 0.6 5 0.8
v 0.6 5 0.6
v 0.6 5 0.4
v 0.6 5 -0.8
v 0.6 5 -1
v 0.6 5 -1.2
v 0.6 5.2 0.6
v 0.6 5.2 0.4
v 0.6 5.2 -0.8
v 0.6 5.2 -1
v 0.8 0.8 1.2
v 0.8 0.8 1
v 0.8 0.8 -1.4
v 0.8 0.8 -1.6
v 0.8 1 1.2
v 0.8 1 1
v 0.8 1 -1.4
v 0.8 1 -1.6
v 0.8 1.4 0
v 0.8 1.4 -0.2
v 0.8 1.6 0
v 0.8 1.6 -0.2
v 0.8 3.4 1.4
v 0.8 3.4 1.2
v 0.8 3.4 1
v 0.8 3.8 1.4
v 0.8 3.8 1.2
v 0.8 3.8 1
v 0.8 4.4 1.2
v 0.8 4.4 1
v 0.8 4.4 -1.4
v 0.8 4.4 -1.6
v 0.8 4.6 1.2
v 0.8 4.6 1
v 0.8 4.6 -1.4
v 0.8 4.6 -1.6
v 1 1 1.4
v 1 1 1.2
v 1 1 -1.6
v 1 1 -1.8
v 1 1.2 1.4
v 1 1.2 1.2
v 1 1.2 -1.6
v 1 1.2 -1.8
v 1 2 1.4
v 1 2 1.2
v 1 2 1
v 1 2 0.8
v 1 2.2 1.4
v 1 2.2 1.2
v 1 2.2 1
v 1 2.2 0.8
v 1 2.8 -1.4
v 1 2.8 -1.6
v 1 2.8 -1.8
v 1 3.6 -1.4
v 1 3.6 -1.6
v 1 3.6 -1.8
v 1 4.2 1.4
v 1 4.2 1.2
v 1 4.2 -1.6
v 1 4.2 -1.8
v 1 4.4 1.4
v 1 4.4 1.2
v 1 4.4 -1.6
v 1 4.4 -1.8
v 1.2 1.2 1.6
v 1.2 1.2 1.4
v 1.2 1.2 -1.8
v 1.2 1.2 -2
v 1.2 1.4 1.6
v 1.2 1.4 1.4
v 1.2 1.4 -1.8
v 1.2 1.4 -2
v 1.2 1.6 -1.8
v 1.2 1.6 -2
v 1.2 1.8 1.6
v 1.2 1.8 1.4
v 1.2 1.8 -1.8
v 1.2 2 1.6
v 1.2 2 1.4
v 1.2 2 -1.8
v 1.2 2 -2
v 1.2 3.4 1.6
v 1.2 3.4 1.4
v 1.2 3.4 -1.8
v 1.2 3.4 -2
v 1.2 3.6 -1.8
v 1.2 3.6 -2
v 1.2 3.8 -1.8
v 1.2 3.8 -2
v 1.2 4 1.4
v 1.2 4.2 1.6
v 1.2 4.2 1.4
v 1.2 4.2 -1.8
v 1.2 4.2 -2
v 1.4 1.4 1.4
v 1.4 1.4 1.2
v 1.4 1.4 1
v 1.4 1.4 0.8
v 1.4 1.4 0
v 1.4 1.4 -0.2
v 1.4 1.4 -1
v 1.4 1.4 -1.2
v 1.4 1.4 -1.4
v 1.4 1.4 -1.6
v 1.4 1.4 -1.8
v 1.4 1.6 1.4
v 1.4 1.6 1.2
v 1.4 1.6 1
v 1.4 1.6 0.8
v 1.4 1.6 0.2
v 1.4 1.6 0
v 1.4 1.6 -0.2
v 1.4 1.6 -0.4
v 1.4 1.6 -0.6
v 1.4 1.6 -1
v 1.4 1.6 -1.2
v 1.4 1.6 -1.4
v 1.4 1.6 -1.6
v 1.4 1.6 -1.8
v 1.4 2.8 1.4
v 1.4 2.8 1
v 1.4 2.8 0.8
v 1.4 3 1.4
v 1.4 3 1
v 1.4 3 0.8
v 1.6 1.4 1.2
v 1.6 1.4 1
v 1.6 1.4 -1.4
v 1.6 1.4 -1.6
v 1.6 1.6 1.2
v 1.6 1.6 1
v 1.6 1.6 -1.4
v 1.6 1.6 -1.6
v -1.4 1.4 1.2
v -1.4 1.4 1
v -1.4 1.4 -1.4
v -1.4 1.4 -1.6
v -1.4 1.6 1.2
v -1.4 1.6 1
v -1.4 1.6 -1.4
v -1.4 1.6 -1.6
v -1.2 1.4 1.4
v -1.2 1.4 1.2
v -1.2 1.4 1
v -1.2 1.4 0.4
v -1.2 1.4 0.2
v -1.2 1.4 -0.4
v -1.2 1.4 -0.8
v -1.2 1.4 -1
v -1.2 1.4 -1.4
v -1.2 1.4 -1.6
v -1.2 1.4 -1.8
v -1.2 1.6 1.4
v -1.2 1.6 1.2
v -1.2 1.6 1
v -1.2 1.6 0.6
v -1.2 1.6 0.4
v -1.2 1.6 0.2
v -1.2 1.6 0
v -1.2 1.6 -0.8
v -1.2 1.6 -1
v -1.2 1.6 -1.4
v -1.2 1.6 -1.6
v -1.2 1.6 -1.8
v -1 1.2 1.6
v -1 1.2 1.4
v -1 1.2 -1.8
v -1 1.2 -2
v -1 1.4 1.6
v -1 1.4 1.4
v -1 1.4 -1.8
v -1 1.4 -2
v -1 1.6 1.4
v -1 1.6 -1.8
v -1 1.8 -1.8
v -1 1.8 -2
v -1 2 1.6
v -1 2 1.4
v -1 2 -1.8
v -1 2 -2
v -1 2.4 1.4
v -1 2.4 1.2
v -1 2.4 1
v -1 3.4 1.6
v -1 3.4 1.4
v -1 3.4 1.2
v -1 3.4 1
v -1 3.4 -1.8
v -1 3.4 -2
v -1 3.6 1.4
v -1 3.8 1.4
v -1 3.8 -1.8
v -1 3.8 -2
v -1 4 1.6
v -1 4 1.4
v -1 4 -1.8
v -1 4.2 1.6
v -1 4.2 1.4
v -1 4.2 -1.8
v -1 4.2 -2
v -0.8 1 1.4
v -0.8 1 1.2
v -0.8 1 -1.6
v -0.8 1 -1.8
v -0.8 1.2 1.4
v -0.8 1.2 1.2
v -0.8 1.2 -1.6
v -0.8 1.2 -1.8
v -0.8 2.6 -1.4
v -0.8 2.6 -1.6
v -0.8 2.6 -1.8
v -0.8 2.8 -1.4
v -0.8 2.8 -1.6
v -0.8 2.8 -1.8
v -0.8 4.2 1.4
v -0.8 4.2 1.2
v -0.8 4.2 -1.6
v -0.8 4.2 -1.8
v -0.8 4.4 1.4
v -0.8 4.4 1.2
v -0.8 4.4 -1.6
v -0.8 4.4 -1.8
v -0.6 0.8 1.2
v -0.6 0.8 1
v -0.6 0.8 -1.4
v -0.6 0.8 -1.6
v -0.6 1 1.2
v -0.6 1 1
v -0.6 1 -1.4
v -0.6 1 -1.6
v -0.6 1.4 0.4
v -0.6 1.4 0.2
v -0.6 1.6 1.4
v -0.6 1.6 1.2
v -0.6 1.6 1
v -0.6 1.6 0.4
v -0.6 1.6 0.2
v -0.6 1.8 1.4
v -0.6 1.8 1.2
v -0.6 1.8 1
v -0.6 4.4 1.2
v -0.6 4.4 1
v -0.6 4.4 -1.4
v -0.6 4.4 -1.6
v -0.6 4.6 1.2
v -0.6 4.6 1
v -0.6 4.6 -1.4
v -0.6 4.6 -1.6
v -0.4 0.6 1
v -0.4 0.6 0.8
v -0.4 0.6 -1.2
v -0.4 0.6 -1.4
v -0.4 0.8 1
v -0.4 0.8 0.8
v -0.4 0.8 -1.2
v -0.4 0.8 -1.4
v -0.4 4.6 1
v -0.4 4.6 0.8
v -0.4 4.6 -1.2
v -0.4 4.6 -1.4
v -0.4 4.8 1
v -0.4 4.8 0.8
v -0.4 4.8 0.6
v -0.4 4.8 -1
v -0.4 4.8 -1.2
v -0.4 4.8 -1.4
v -0.4 5 0.8
v -0.4 5 0.6
v -0.4 5 0.4
v -0.4 5 -0.8
v -0.4 5 -1
v -0.4 5 -1.2
v -0.4 5.2 0.6
v -0.4 5.2 0.4
v -0.4 5.2 -0.8
v -0.4 5.2 -1
v -0.2 1.8 -1.4
v -0.2 1.8 -1.6
v -0.2 1.8 -1.8
v -0.2 2 -1.4
v -0.2 2 -1.6
v -0.2 2 -1.8
v 0 1.4 1.4
v 0 1.4 1.2
v 0 1.4 1
v 0 1.6 1.4
v 0 1.6 1.2
v 0 1.6 1
v 0.2 3.4 1.4
v 0.2 3.4 1.2
v 0.2 3.4 1
v 0.2 3.8 1.4
v 0.2 3.8 1.2
v 0.2 3.8 1
v 0.2 5.4 0
v 0.2 5.4 -0.4
v 0.2 5.6 0
v 0.2 5.6 -0.4
v 0.4 1.4 1.2
v 0.4 1.4 0.8
v 0.4 1.4 0.6
v 0.4 1.4 0.4
v 0.4 1.6 1.2
v 0.4 1.6 0.8
v 0.4 1.6 0.6
v 0.4 1.6 0.4
v 0.4 2.8 -1.4
v 0.4 2.8 -1.6
v 0.4 2.8 -1.8
v 0.4 3.6 -1.4
v 0.4 3.6 -1.6
v 0.4 3.6 -1.8
v 0.4 5.2 0.2
v 0.4 5.2 -0.6
v 0.4 5.4 0.2
v 0.4 5.4 -0.6
v 0.6 0 0.4
v 0.6 0 -1
v 0.6 0.2 0.6
v 0.6 0.2 0.4
v 0.6 0.2 0.2
v 0.6 0.2 -0.8
v 0.6 0.2 -1
v 0.6 0.2 -1.2
v 0.6 0.4 0.6
v 0.6 0.4 0.4
v 0.6 0.4 -1
v 0.6 0.4 -1.2
v 0.6 5 0.4
v 0.6 5 -0.8
v 0.6 5.2 0.4
v 0.6 5.2 -0.8
v 0.8 0.2 0.4
v 0.8 0.2 0.2
v 0.8 0.2 -0.8
v 0.8 0.2 -1
v 0.8 0.4 0.8
v 0.8 0.4 0.6
v 0.8 0.4 0.4
v 0.8 0.4 0.2
v 0.8 0.4 -0.8
v 0.8 0.4 -1
v 0.8 0.4 -1.2
v 0.8 0.6 1
v 0.8 0.6 0.8
v 0.8 0.6 0.6
v 0.8 0.6 -1
v 0.8 0.6 -1.2
v 0.8 0.6 -1.4
v 0.8 0.8 1
v 0.8 0.8 0.8
v 0.8 0.8 -1.2
v 0.8 0.8 -1.4
v 0.8 2 1.4
v 0.8 2 1.2
v 0.8 2 1
v 0.8 2 0.8
v 0.8 2.2 1.4
v 0.8 2.2 1
v 0.8 2.2 0.8
v 0.8 4.6 1
v 0.8 4.6 0.8
v 0.8 4.6 -1.2
v 0.8 4.6 -1.4
v 0.8 4.8 1
v 0.8 4.8 0.8
v 0.8 4.8 0.6
v 0.8 4.8 0.4
v 0.8 4.8 0.2
v 0.8 4.8 -0.6
v 0.8 4.8 -0.8
v 0.8 4.8 -1
v 0.8 4.8 -1.2
v 0.8 4.8 -1.4
v 0.8 5 0.8
v 0.8 5 0.6
v 0.8 5 0.4
v 0.8 5 -0.8
v 0.8 5 -1
v 0.8 5 -1.2
v 0.8 5.2 0.6
v 0.8 5.2 0.4
v 0.8 5.2 -0.8
v 0.8 5.2 -1
v 1 0.4 0.6
v 1 0.4 0.4
v 1 0.4 -0.8
v 1 0.4 -1
v 1 0.6 0.8
v 1 0.6 0.6
v 1 0.6 0.4
v 1 0.6 -0.8
v 1 0.6 -1
v 1 0.6 -1.2
v 1 0.8 1.2
v 1 0.8 1
v 1 0.8 0.8
v 1 0.8 0.6
v 1 0.8 0.4
v 1 0.8 -0.6
v 1 0.8 -0.8
v 1 0.8 -1
v 1 0.8 -1.2
v 1 0.8 -1.4
v 1 0.8 -1.6
v 1 1 1.2
v 1 1 1
v 1 1 -1.4
v 1 1 -1.6
v 1 4.4 1.2
v 1 4.4 1
v 1 4.4 -1.4
v 1 4.4 -1.6
v 1 4.6 1.2
v 1 4.6 1
v 1 4.6 0.8
v 1 4.6 0.6
v 1 4.6 0.4
v 1 4.6 0.2
v 1 4.6 0
v 1 4.6 -0.4
v 1 4.6 -0.6
v 1 4.6 -0.8
v 1 4.6 -1
v 1 4.6 -1.2
v 1 4.6 -1.4
v 1 4.6 -1.6
v 1 4.8 0.8
v 1 4.8 0.6
v 1 4.8 0.4
v 1 4.8 0.2
v 1 4.8 -0.6
v 1 4.8 -0.8
v 1 4.8 -1
v 1 4.8 -1.2
v 1 5 0.6
v 1 5 0.4
v 1 5 -0.8
v 1 5 -1
v 1.2 0.6 0.6
v 1.2 0.6 0.4
v 1.2 0.6 -0.8
v 1.2 0.6 -1
v 1.2 0.8 1
v 1.2 0.8 0.8
v 1.2 0.8 0.6
v 1.2 0.8 0.4
v 1.2 0.8 -0.6
v 1.2 0.8 -0.8
v 1.2 0.8 -1
v 1.2 0.8 -1.2
v 1.2 0.8 -1.4
v 1.2 1 1.4
v 1.2 1 1.2
v 1.2 1 1
v 1.2 1 0.8
v 1.2 1 0.6
v 1.2 1 0.4
v 1.2 1 -0.2
v 1.2 1 -0.6
v 1.2 1 -0.8
v 1.2 1 -1
v 1.2 1 -1.2
v 1.2 1 -1.4
v 1.2 1 -1.6
v 1.2 1 -1.8
v 1.2 1.2 1.4
v 1.2 1.2 1.2
v 1.2 1.2 -1.6
v 1.2 1.2 -1.8
v 1.2 1.4 1.4
v 1.2 1.4 1.2
v 1.2 1.4 -1.6
v 1.2 1.4 -1.8
v 1.2 1.6 1.4
v 1.2 1.6 1.2
v 1.2 1.6 0
v 1.2 1.6 -0.2
v 1.2 1.6 -1.6
v 1.2 1.6 -1.8
v 1.2 1.8 0
v 1.2 1.8 -0.2
v 1.2 2.4 0.8
v 1.2 2.4 0.6
v 1.2 2.4 -0.2
v 1.2 2.4 -0.4
v 1.2 2.6 0.8
v 1.2 2.6 0.6
v 1.2 2.6 -0.2
v 1.2 2.6 -0.4
v 1.2 2.8 1.4
v 1.2 2.8 1
v 1.2 2.8 0.8
v 1.2 2.8 -0.8
v 1.2 2.8 -1
v 1.2 3 1.4
v 1.2 3 1
v 1.2 3 0.8
v 1.2 3 -0.8
v 1.2 3 -1
v 1.2 3.2 0.4
v 1.2 3.2 0
v 1.2 3.8 0.4
v 1.2 3.8 0
v 1.2 3.8 -1
v 1.2 3.8 -1.2
v 1.2 4 -1
v 1.2 4 -1.2
v 1.2 4.2 1.4
v 1.2 4.2 1.2
v 1.2 4.2 -1.6
v 1.2 4.2 -1.8
v 1.2 4.4 1.4
v 1.2 4.4 1.2
v 1.2 4.4 1
v 1.2 4.4 0.8
v 1.2 4.4 0.6
v 1.2 4.4 0.4
v 1.2 4.4 0
v 1.2 4.4 -0.2
v 1.2 4.4 -0.4
v 1.2 4.4 -0.8
v 1.2 4.4 -1
v 1.2 4.4 -1.2
v 1.2 4.4 -1.4
v 1.2 4.4 -1.6
v 1.2 4.4 -1.8
v 1.2 4.6 1
v 1.2 4.6 0.8
v 1.2 4.6 0.6
v 1.2 4.6 0.4
v 1.2 4.6 0
v 1.2 4.6 -0.4
v 1.2 4.6 -0.8
v 1.2 4.6 -1
v 1.2 4.6 -1.2
v 1.2 4.6 -1.4
v 1.2 4.8 0.6
v 1.2 4.8 0.4
v 1.2 4.8 -0.8
v 1.2 4.8 -1
v 1.4 0.8 0.8
v 1.4 0.8 0.6
v 1.4 0.8 -1
v 1.4 0.8 -1.2
v 1.4 1 1.2
v 1.4 1 1
v 1.4 1 0.8
v 1.4 1 0.6
v 1.4 1 0.4
v 1.4 1 -0.2
v 1.4 1 -0.6
v 1.4 1 -1
v 1.4 1 -1.2
v 1.4 1 -1.4
v 1.4 1 -1.6
v 1.4 1.2 1.6
v 1.4 1.2 1.4
v 1.4 1.2 1.2
v 1.4 1.2 1
v 1.4 1.2 0.8
v 1.4 1.2 0.6
v 1.4 1.2 0.4
v 1.4 1.2 -0.2
v 1.4 1.2 -0.6
v 1.4 1.2 -0.8
v 1.4 1.2 -1
v 1.4 1.2 -1.2
v 1.4 1.2 -1.4
v 1.4 1.2 -1.6
v 1.4 1.2 -1.8
v 1.4 1.2 -2
v 1.4 1.4 1.6
v 1.4 1.4 1.4
v 1.4 1.4 -1.8
v 1.4 1.4 -2
v 1.4 1.6 -1.8
v 1.4 1.6 -2
v 1.4 1.8 1.6
v 1.4 1.8 1.4
v 1.4 1.8 -1.8
v 1.4 2 1.6
v 1.4 2 1.4
v 1.4 2 -1.8
v 1.4 2 -2
v 1.4 3.4 1.6
v 1.4 3.4 1.4
v 1.4 3.4 -1.8
v 1.4 3.4 -2
v 1.4 3.6 -1.8
v 1.4 3.6 -2
v 1.4 3.8 -1.8
v 1.4 3.8 -2
v 1.4 4 1.4
v 1.4 4.2 1.6
v 1.4 4.2 1.4
v 1.4 4.2 1.2
v 1.4 4.2 1
v 1.4 4.2 0.8
v 1.4 4.2 0.6
v 1.4 4.2 0.4
v 1.4 4.2 -0.2
v 1.4 4.2 -0.4
v 1.4 4.2 -0.8
v 1.4 4.2 -1
v 1.4 4.2 -1.2
v 1.4 4.2 -1.4
v 1.4 4.2 -1.6
v 1.4 4.2 -1.8
v 1.4 4.2 -2
v 1.4 4.4 1.2
v 1.4 4.4 1
v 1.4 4.4 0.8
v 1.4 4.4 0.6
v 1.4 4.4 0.4
v 1.4 4.4 -0.2
v 1.4 4.4 -0.4
v 1.4 4.4 -0.8
v 1.4 4.4 -1
v 1.4 4.4 -1.2
v 1.4 4.4 -1.4
v 1.4 4.4 -1.6
v 1.4 4.6 0.8
v 1.4 4.6 0.6
v 1.4 4.6 -1
v 1.4 4.6 -1.2
v 1.6 1 1
v 1.6 1 0.8
v 1.6 1 -1.2
v 1.6 1 -1.4
v 1.6 1.2 1.4
v 1.6 1.2 1.2
v 1.6 1.2 1
v 1.6 1.2 0.8
v 1.6 1.2 0.6
v 1.6 1.2 0.4
v 1.6 1.2 -0.2
v 1.6 1.2 -0.6
v 1.6 1.2 -0.8
v 1.6 1.2 -1
v 1.6 1.2 -1.2
v 1.6 1.2 -1.4
v 1.6 1.2 -1.6
v 1.6 1.2 -1.8
v 1.6 1.4 1.2
v 1.6 1.4 1
v 1.6 1.4 0.6
v 1.6 1.4 0.4
v 1.6 1.4 0
v 1.6 1.4 -0.2
v 1.6 1.4 -0.6
v 1.6 1.4 -0.8
v 1.6 1.4 -1
v 1.6 1.4 -1.2
v 1.6 1.4 -1.4
v 1.6 1.4 -1.6
v 1.6 1.4 -1.8
v 1.6 1.6 1
v 1.6 1.6 0.8
v 1.6 1.6 0
v 1.6 1.6 -0.2
v 1.6 1.6 -0.6
v 1.6 1.6 -0.8
v 1.6 1.6 -1
v 1.6 1.6 -1.2
v 1.6 1.8 1.4
v 1.6 1.8 1.2
v 1.6 1.8 0.4
v 1.6 1.8 0
v 1.6 1.8 -0.2
v 1.6 1.8 -0.6
v 1.6 1.8 -0.8
v 1.6 1.8 -1
v 1.6 1.8 -1.2
v 1.6 1.8 -1.4
v 1.6 1.8 -1.6
v 1.6 1.8 -1.8
v 1.6 2 1.2
v 1.6 2 1
v 1.6 2 0.4
v 1.6 2 -0.2
v 1.6 2 -0.4
v 1.6 2 -0.8
v 1.6 2 -1
v 1.6 2 -1.4
v 1.6 2 -1.6
v 1.6 2.2 1
v 1.6 2.2 0.8
v 1.6 2.2 0.4
v 1.6 2.2 -0.4
v 1.6 2.4 0.8
v 1.6 2.4 0.6
v 1.6 2.4 -0.2
v 1.6 2.4 -0.4
v 1.6 2.6 0.8
v 1.6 2.6 0.6
v 1.6 2.6 -0.2
v 1.6 2.6 -0.4
v 1.6 2.8 1
v 1.6 2.8 0.8
v 1.6 2.8 -0.8
v 1.6 2.8 -1
v 1.6 3 1
v 1.6 3 0.8
v 1.6 3 -0.8
v 1.6 3 -1
v 1.6 3 -1.2
v 1.6 3 -1.4
v 1.6 3.2 0.4
v 1.6 3.2 0
v 1.6 3.4 1.2
v 1.6 3.4 1
v 1.6 3.4 0
v 1.6 3.4 -0.4
v 1.6 3.4 -1.2
v 1.6 3.4 -1.4
v 1.6 3.4 -1.6
v 1.6 3.6 0.8
v 1.6 3.6 0.6
v 1.6 3.6 -0.8
v 1.6 3.6 -1
v 1.6 3.8 0.8
v 1.6 3.8 0.6
v 1.6 3.8 0.4
v 1.6 3.8 0
v 1.6 3.8 -0.2
v 1.6 3.8 -0.4
v 1.6 3.8 -0.8
v 1.6 3.8 -1
v 1.6 3.8 -1.2
v 1.6 3.8 -1.4
v 1.6 3.8 -1.6
v 1.6 4 1.4
v 1.6 4 1.2
v 1.6 4 1
v 1.6 4 0.8
v 1.6 4 0.6
v 1.6 4 0.4
v 1.6 4 0
v 1.6 4 -0.2
v 1.6 4 -0.8
v 1.6 4 -1
v 1.6 4 -1.2
v 1.6 4.2 1.4
v 1.6 4.2 1.2
v 1.6 4.2 1
v 1.6 4.2 0.8
v 1.6 4.2 -0.8
v 1.6 4.2 -1
v 1.6 4.2 -1.2
v 1.6 4.2 -1.4
v 1.6 4.2 -1.6
v 1.6 4.2 -1.8
v 1.6 4.4 1
v 1.6 4.4 0.8
v 1.6 4.4 -1.2
v 1.6 4.4 -1.4
v 1.8 1.2 1.2
v 1.8 1.2 1
v 1.8 1.2 -1.4
v 1.8 1.2 -1.6
v 1.8 1.4 1.2
v 1.8 1.4 1
v 1.8 1.4 -1.4
v 1.8 1.4 -1.6
v 1.8 1.8 -1.4
v 1.8 1.8 -1.6
v 1.8 2 1.2
v 1.8 2 1
v 1.8 2 -1.4
v 1.8 2 -1.6
v 1.8 3.4 1.2
v 1.8 3.4 1
v 1.8 3.4 -1.4
v 1.8 3.4 -1.6
v 1.8 3.8 -1.4
v 1.8 3.8 -1.6
v 1.8 4 1.2
v 1.8 4 1
v 1.8 4.2 1.2
v 1.8 4.2 1
v 1.8 4.2 -1.4
v 1.8 4.2 -1.6
v -1.2 1.2 1.6
v -1.2 1.4 1.6
v -1.2 2 1.6
v -1.2 3.4 1.6
v -1.2 4 1.6
v -1.2 4.2 1.6
v -1 1.2 1.6
v -1 1.4 1.6
v -1 2 1.6
v -1 3.4 1.6
v -1 4 1.6
v -1 4.2 1.6
v 1.2 1.2 1.6
v 1.2 1.4 1.6
v 1.2 1.8 1.6
v 1.2 2 1.6
v 1.2 3.4 1.6
v 1.2 4.2 1.6
v 1.4 1.2 1.6
v 1.4 1.4 1.6
v 1.4 1.8 1.6
v 1.4 2 1.6
v 1.4 3.4 1.6
v 1.4 4.2 1.6
v -1.4 1.2 1.4
v -1.4 1.6 1.4
v -1.4 2 1.4
v -1.4 2.2 1.4
v -1.4 4 1.4
v -1.4 4.2 1.4
v -1.2 1.2 1.4
v -1.2 1.4 1.4
v -1.2 1.6 1.4
v -1.2 2 1.4
v -1.2 3.4 1.4
v -1.2 4 1.4
v -1.2 4.2 1.4
v -1 1 1.4
v -1 1.2 1.4
v -1 1.4 1.4
v -1 1.6 1.4
v -1 2 1.4
v -1 2.2 1.4
v -1 2.4 1.4
v -1 3.4 1.4
v -1 3.6 1.4
v -1 3.8 1.4
v -1 4 1.4
v -1 4.2 1.4
v -1 4.4 1.4
v -0.8 1 1.4
v -0.8 1.2 1.4
v -0.8 1.4 1.4
v -0.8 4 1.4
v -0.8 4.2 1.4
v -0.8 4.4 1.4
v -0.6 1.6 1.4
v -0.6 1.8 1.4
v -0.6 2.4 1.4
v -0.6 3.8 1.4
v -0.6 4 1.4
v -0.4 1.6 1.4
v -0.4 1.8 1.4
v -0.4 3.4 1.4
v -0.4 3.6 1.4
v -0.4 3.8 1.4
v -0.2 1.2 1.4
v -0.2 1.6 1.4
v -0.2 2.4 1.4
v -0.2 3.4 1.4
v -0.2 3.6 1.4
v -0.2 4 1.4
v 0 1.4 1.4
v 0 1.6 1.4
v 0 3.8 1.4
v 0 4 1.4
v 0.2 1.2 1.4
v 0.2 1.4 1.4
v 0.2 1.6 1.4
v 0.2 1.8 1.4
v 0.2 3.2 1.4
v 0.2 3.4 1.4
v 0.2 3.8 1.4
v 0.2 4 1.4
v 0.4 1.2 1.4
v 0.4 1.4 1.4
v 0.4 4 1.4
v 0.4 4.2 1.4
v 0.6 1.2 1.4
v 0.6 1.6 1.4
v 0.6 1.8 1.4
v 0.6 2 1.4
v 0.6 3.2 1.4
v 0.6 4 1.4
v 0.6 4.2 1.4
v 0.8 1.4 1.4
v 0.8 1.6 1.4
v 0.8 1.8 1.4
v 0.8 2 1.4
v 0.8 2.2 1.4
v 0.8 3.4 1.4
v 0.8 3.8 1.4
v 0.8 4 1.4
v 1 1 1.4
v 1 1.2 1.4
v 1 1.4 1.4
v 1 2 1.4
v 1 2.2 1.4
v 1 2.6 1.4
v 1 3.8 1.4
v 1 4 1.4
v 1 4.2 1.4
v 1 4.4 1.4
v 1.2 1 1.4
v 1.2 1.2 1.4
v 1.2 1.4 1.4
v 1.2 1.8 1.4
v 1.2 2 1.4
v 1.2 2.6 1.4
v 1.2 2.8 1.4
v 1.2 3 1.4
v 1.2 3.4 1.4
v 1.2 4 1.4
v 1.2 4.2 1.4
v 1.2 4.4 1.4
v 1.4 1.2 1.4
v 1.4 1.4 1.4
v 1.4 1.8 1.4
v 1.4 2 1.4
v 1.4 2.8 1.4
v 1.4 3 1.4
v 1.4 3.4 1.4
v 1.4 4 1.4
v 1.4 4.2 1.4
v 1.6 1.2 1.4
v 1.6 1.8 1.4
v 1.6 4 1.4
v 1.6 4.2 1.4
v -1.6 1.2 1.2
v -1.6 1.4 1.2
v -1.6 1.8 1.2
v -1.6 2 1.2
v -1.6 3.4 1.2
v -1.6 4.2 1.2
v -1.4 1.2 1.2
v -1.4 1.4 1.2
v -1.4 1.6 1.2
v -1.4 1.8 1.2
v -1.4 2 1.2
v -1.4 3.4 1.2
v -1.4 4 1.2
v -1.4 4.2 1.2
v -1.2 1 1.2
v -1.2 1.2 1.2
v -1.2 4.2 1.2
v -1.2 4.4 1.2
v -1 1 1.2
v -1 1.2 1.2
v -1 4.2 1.2
v -1 4.4 1.2
v -0.8 0.8 1.2
v -0.8 1 1.2
v -0.8 1.2 1.2
v -0.8 4.2 1.2
v -0.8 4.4 1.2
v -0.8 4.6 1.2
v -0.6 0.8 1.2
v -0.6 1 1.2
v -0.6 1.2 1.2
v -0.6 4.2 1.2
v -0.6 4.4 1.2
v -0.6 4.6 1.2
v -0.4 1 1.2
v -0.4 1.2 1.2
v -0.4 4.2 1.2
v -0.4 4.4 1.2
v -0.2 1 1.2
v -0.2 1.2 1.2
v 0.2 1.2 1.2
v 0.4 1 1.2
v 0.4 1.2 1.2
v 0.4 4.2 1.2
v 0.6 1 1.2
v 0.6 1.2 1.2
v 0.6 4.2 1.2
v 0.6 4.4 1.2
v 0.8 0.8 1.2
v 0.8 1 1.2
v 0.8 1.2 1.2
v 0.8 4.2 1.2
v 0.8 4.4 1.2
v 0.8 4.6 1.2
v 1 0.8 1.2
v 1 1 1.2
v 1 1.2 1.2
v 1 4.2 1.2
v 1 4.4 1.2
v 1 4.6 1.2
v 1.2 1 1.2
v 1.2 1.2 1.2
v 1.2 4.2 1.2
v 1.2 4.4 1.2
v 1.4 1 1.2
v 1.4 1.2 1.2
v 1.4 4.2 1.2
v 1.4 4.4 1.2
v 1.6 1.2 1.2
v 1.6 1.4 1.2
v 1.6 1.8 1.2
v 1.6 2 1.2
v 1.6 3.4 1.2
v 1.6 4 1.2
v 1.6 4.2 1.2
v 1.8 1.2 1.2
v 1.8 1.4 1.2
v 1.8 2 1.2
v 1.8 3.4 1.2
v 1.8 4 1.2
v 1.8 4.2 1.2
v -1.4 1 1
v -1.4 1.2 1
v -1.4 1.4 1
v -1.4 1.6 1
v -1.4 4.2 1
v -1.4 4.4 1
v -1.2 1 1
v -1.2 1.2 1
v -1.2 1.4 1
v -1.2 1.6 1
v -1.2 4.2 1
v -1.2 4.4 1
v -1 0.8 1
v -1 1 1
v -1 2.4 1
v -1 3.4 1
v -1 4.4 1
v -1 4.6 1
v -0.8 0.8 1
v -0.8 1 1
v -0.8 4.4 1
v -0.8 4.6 1
v -0.6 0.6 1
v -0.6 0.8 1
v -0.6 1 1
v -0.6 1.6 1
v -0.6 1.8 1
v -0.6 4.4 1
v -0.6 4.6 1
v -0.6 4.8 1
v -0.4 0.6 1
v -0.4 0.8 1
v -0.4 1 1
v -0.4 1.6 1
v -0.4 1.8 1
v -0.4 4.4 1
v -0.4 4.6 1
v -0.4 4.8 1
v -0.2 0.8 1
v -0.2 1 1
v -0.2 2.4 1
v -0.2 3.4 1
v 0 0.8 1
v 0 1 1
v 0 1.4 1
v 0 1.6 1
v 0 4.4 1
v 0 4.6 1
v 0.2 0.8 1
v 0.2 1 1
v 0.2 1.4 1
v 0.2 1.6 1
v 0.2 3.4 1
v 0.2 3.8 1
v 0.2 4.4 1
v 0.2 4.6 1
v 0.4 0.8 1
v 0.4 1 1
v 0.6 0.6 1
v 0.6 0.8 1
v 0.6 1 1
v 0.6 4.4 1
v 0.6 4.6 1
v 0.6 4.8 1
v 0.8 0.6 1
v 0.8 0.8 1
v 0.8 1 1
v 0.8 3.4 1
v 0.8 3.8 1
v 0.8 4.4 1
v 0.8 4.6 1
v 0.8 4.8 1
v 1 0.8 1
v 1 1 1
v 1 4.4 1
v 1 4.6 1
v 1.2 0.8 1
v 1.2 1 1
v 1.2 4.4 1
v 1.2 4.6 1
v 1.4 1 1
v 1.4 1.2 1
v 1.4 1.4 1
v 1.4 1.6 1
v 1.4 4.2 1
v 1.4 4.4 1
v 1.6 1 1
v 1.6 1.2 1
v 1.6 1.4 1
v 1.6 1.6 1
v 1.6 4.2 1
v 1.6 4.4 1
v -1.2 0.8 0.8
v -1.2 1 0.8
v -1.2 4.4 0.8
v -1.2 4.6 0.8
v -1 0.8 0.8
v -1 1 0.8
v -1 4.4 0.8
v -1 4.6 0.8
v -0.8 0.6 0.8
v -0.8 0.8 0.8
v -0.8 4.6 0.8
v -0.8 4.8 0.8
v -0.6 0.4 0.8
v -0.6 0.6 0.8
v -0.6 0.8 0.8
v -0.6 4.6 0.8
v -0.6 4.8 0.8
v -0.6 5 0.8
v -0.4 0.4 0.8
v -0.4 0.6 0.8
v -0.4 0.8 0.8
v -0.4 4.6 0.8
v -0.4 4.8 0.8
v -0.4 5 0.8
v -0.2 0.8 0.8
v 0 0.8 0.8
v 0 4.6 0.8
v 0 4.8 0.8
v 0.2 0.8 0.8
v 0.2 4.6 0.8
v 0.2 4.8 0.8
v 0.4 0.8 0.8
v 0.6 0.4 0.8
v 0.6 0.6 0.8
v 0.6 0.8 0.8
v 0.6 4.6 0.8
v 0.6 4.8 0.8
v 0.6 5 0.8
v 0.8 0.4 0.8
v 0.8 0.6 0.8
v 0.8 0.8 0.8
v 0.8 2 0.8
v 0.8 2.2 0.8
v 0.8 4.6 0.8
v 0.8 4.8 0.8
v 0.8 5 0.8
v 1 0.6 0.8
v 1 0.8 0.8
v 1 2 0.8
v 1 2.2 0.8
v 1 4.6 0.8
v 1 4.8 0.8
v 1.2 0.8 0.8
v 1.2 1 0.8
v 1.2 2.8 0.8
v 1.2 3 0.8
v 1.2 4.4 0.8
v 1.2 4.6 0.8
v 1.4 0.8 0.8
v 1.4 1 0.8
v 1.4 2.8 0.8
v 1.4 3 0.8
v 1.4 4.4 0.8
v 1.4 4.6 0.8
v -1 0.6 0.6
v -1 0.8 0.6
v -1 4.6 0.6
v -1 4.8 0.6
v -0.8 0.4 0.6
v -0.8 0.6 0.6
v -0.8 0.8 0.6
v -0.8 4.6 0.6
v -0.8 4.8 0.6
v -0.8 5 0.6
v -0.6 0.4 0.6
v -0.6 0.6 0.6
v -0.6 4.8 0.6
v -0.6 5 0.6
v -0.6 5.2 0.6
v -0.4 0.2 0.6
v -0.4 0.4 0.6
v -0.4 4.8 0.6
v -0.4 5 0.6
v -0.4 5.2 0.6
v -0.2 0.2 0.6
v -0.2 0.4 0.6
v -0.2 4.8 0.6
v -0.2 5 0.6
v 0 4.8 0.6
v 0.2 4.8 0.6
v 0.4 0.2 0.6
v 0.4 0.4 0.6
v 0.4 4.8 0.6
v 0.4 5 0.6
v 0.6 0.2 0.6
v 0.6 0.4 0.6
v 0.6 4.8 0.6
v 0.6 5 0.6
v 0.6 5.2 0.6
v 0.8 0.4 0.6
v 0.8 0.6 0.6
v 0.8 4.8 0.6
v 0.8 5 0.6
v 0.8 5.2 0.6
v 1 0.4 0.6
v 1 0.6 0.6
v 1 0.8 0.6
v 1 4.6 0.6
v 1 4.8 0.6
v 1 5 0.6
v 1.2 0.6 0.6
v 1.2 0.8 0.6
v 1.2 2.4 0.6
v 1.2 2.6 0.6
v 1.2 4.6 0.6
v 1.2 4.8 0.6
v 1.4 2.4 0.6
v 1.4 2.6 0.6
v 1.6 2.4 0.6
v 1.6 2.6 0.6
v -1.2 1.4 0.4
v -1.2 1.6 0.4
v -1 1.4 0.4
v -1 1.6 0.4
v -0.6 0.2 0.4
v -0.6 0.4 0.4
v -0.6 1.4 0.4
v -0.6 1.6 0.4
v -0.4 0 0.4
v -0.4 0.2 0.4
v -0.4 0.4 0.4
v -0.4 5 0.4
v -0.4 5.2 0.4
v -0.2 0.2 0.4
v -0.2 5 0.4
v 0.4 0.2 0.4
v 0.4 5 0.4
v 0.6 0 0.4
v 0.6 0.2 0.4
v 0.6 0.4 0.4
v 0.6 5 0.4
v 0.6 5.2 0.4
v 0.8 0.2 0.4
v 0.8 0.4 0.4
v -1.4 1.6 0.2
v -1.4 1.8 0.2
v -1.4 2.8 0.2
v -1.4 3 0.2
v -1.2 1.6 0.2
v -1.2 1.8 0.2
v -1.2 2.8 0.2
v -1.2 3 0.2
v -1 1.6 0.2
v -1 1.8 0.2
v -1 2.8 0.2
v -1 3 0.2
v -0.2 5.2 0.2
v -0.2 5.4 0.2
v 0.4 5.2 0.2
v 0.4 5.4 0.2
v 0 5.4 0
v 0 5.6 0
v 0.2 5.4 0
v 0.2 5.6 0
v 0.8 1.4 0
v 0.8 1.6 0
v 1.2 1.6 0
v 1.2 3.2 0
v 1.2 3.8 0
v 1.4 1.4 0
v 1.4 1.6 0
v 1.4 3.2 0
v 1.4 3.4 0
v 1.4 3.8 0
v 1.6 3.2 0
v 1.6 3.4 0
v 1.6 3.8 0
v 1.2 1.6 -0.2
v 1.2 1.8 -0.2
v 1.4 1.6 -0.2
v 1.4 1.8 -0.2
v 1.6 1.6 -0.2
v 1.6 1.8 -0.2
v 1.2 2.4 -0.4
v 1.2 2.6 -0.4
v 1.4 2.4 -0.4
v 1.4 2.6 -0.4
v 1.6 2.4 -0.4
v 1.6 2.6 -0.4
v -1.4 2 -0.8
v -1.4 2.2 -0.8
v -1.2 2 -0.8
v -1.2 2.2 -0.8
v -1 0.6 -0.8
v -1 0.8 -0.8
v -1 2 -0.8
v -1 2.2 -0.8
v -1 4.6 -0.8
v -1 4.8 -0.8
v -0.8 0.6 -0.8
v -0.8 0.8 -0.8
v -0.8 4.6 -0.8
v -0.8 4.8 -0.8
v -0.8 5 -0.8
v -0.6 4.8 -0.8
v -0.6 5 -0.8
v -0.6 5.2 -0.8
v -0.4 5 -0.8
v -0.4 5.2 -0.8
v 0.6 5 -0.8
v 0.6 5.2 -0.8
v 0.8 4.8 -0.8
v 0.8 5 -0.8
v 0.8 5.2 -0.8
v 1 0.6 -0.8
v 1 0.8 -0.8
v 1 4.6 -0.8
v 1 4.8 -0.8
v 1 5 -0.8
v 1.2 0.6 -0.8
v 1.2 0.8 -0.8
v 1.2 4.6 -0.8
v 1.2 4.8 -0.8
v -1.4 3.4 -1
v -1.4 3.6 -1
v -1.4 4 -1
v -1.2 0.8 -1
v -1.2 1 -1
v -1.2 3.4 -1
v -1.2 3.6 -1
v -1.2 4 -1
v -1.2 4.4 -1
v -1.2 4.6 -1
v -1 0.8 -1
v -1 1 -1
v -1 3.4 -1
v -1 4 -1
v -1 4.4 -1
v -1 4.6 -1
v 1.2 0.8 -1
v 1.2 1 -1
v 1.2 2.8 -1
v 1.2 3 -1
v 1.2 4.4 -1
v 1.2 4.6 -1
v 1.4 0.8 -1
v 1.4 1 -1
v 1.4 2.8 -1
v 1.4 3 -1
v 1.4 4.4 -1
v 1.4 4.6 -1
v 1.6 2.8 -1
v 1.6 3 -1
v -1.4 1 -1.2
v -1.4 1.2 -1.2
v -1.4 4.2 -1.2
v -1.4 4.4 -1.2
v -1.2 1 -1.2
v -1.2 1.2 -1.2
v -1.2 4.2 -1.2
v -1.2 4.4 -1.2
v 1.2 3.8 -1.2
v 1.2 4 -1.2
v 1.4 1 -1.2
v 1.4 1.2 -1.2
v 1.4 3.8 -1.2
v 1.4 4 -1.2
v 1.4 4.2 -1.2
v 1.4 4.4 -1.2
v 1.6 1 -1.2
v 1.6 1.2 -1.2
v 1.6 3.8 -1.2
v 1.6 4 -1.2
v 1.6 4.2 -1.2
v 1.6 4.4 -1.2
v -1.6 1.2 -1.4
v -1.6 1.4 -1.4
v -1.6 2 -1.4
v -1.6 3.4 -1.4
v -1.6 4 -1.4
v -1.6 4.2 -1.4
v -1.4 1.2 -1.4
v -1.4 1.4 -1.4
v -1.4 2 -1.4
v -1.4 3.4 -1.4
v -1.4 3.6 -1.4
v -1.4 3.8 -1.4
v -1.4 4 -1.4
v -1.4 4.2 -1.4
v 1.6 1.2 -1.4
v 1.6 1.4 -1.4
v 1.6 1.8 -1.4
v 1.6 2 -1.4
v 1.6 3.4 -1.4
v 1.6 3.8 -1.4
v 1.6 4.2 -1.4
v 1.8 1.2 -1.4
v 1.8 1.4 -1.4
v 1.8 1.8 -1.4
v 1.8 2 -1.4
v 1.8 3.4 -1.4
v 1.8 3.8 -1.4
v 1.8 4.2 -1.4
v -1.4 1.4 -1.6
v -1.4 1.6 -1.6
v -1.2 1.4 -1.6
v -1.2 1.6 -1.6
v -1 1.4 -1.6
v -1 1.6 -1.6
v -0.8 1.4 -1.6
v -0.8 1.6 -1.6
v -0.4 1.4 -1.6
v -0.4 1.6 -1.6
v -0.2 1.6 -1.6
v 0 1.4 -1.6
v 0 1.6 -1.6
v 1 1.4 -1.6
v 1 1.6 -1.6
v 1.2 1.4 -1.6
v 1.2 1.6 -1.6
v 1.4 1.4 -1.6
v 1.4 1.6 -1.6
v 1.6 1.4 -1.6
v 1.6 1.6 -1.6
v -1.2 1.4 -1.8
v -1.2 1.6 -1.8
v -1 1.4 -1.8
v -1 1.6 -1.8
v 1.2 1.4 -1.8
v 1.2 1.6 -1.8
v 1.4 1.4 -1.8
v 1.4 1.6 -1.8
v -1.2 1.4 1.4
v -1.2 1.6 1.4
v -1 1.4 1.4
v -1 1.6 1.4
v 1.2 1.4 1.4
v 1.2 1.6 1.4
v 1.4 1.4 1.4
v 1.4 1.6 1.4
v -1.4 1.4 1.2
v -1.4 1.6 1.2
v -1.2 1.4 1.2
v -1.2 1.6 1.2
v -1 1.4 1.2
v -1 1.6 1.2
v -0.8 1.6 1.2
v -0.6 1.6 1.2
v -0.4 1.6 1.2
v -0.2 1.4 1.2
v -0.2 1.6 1.2
v 0.4 1.4 1.2
v 0.4 1.6 1.2
v 0.6 1.4 1.2
v 0.6 1.6 1.2
v 0.8 1.4 1.2
v 0.8 1.6 1.2
v 1 1.4 1.2
v 1 1.6 1.2
v 1.2 1.4 1.2
v 1.2 1.6 1.2
v 1.4 1.4 1.2
v 1.4 1.6 1.2
v 1.6 1.4 1.2
v 1.6 1.6 1.2
v -1.6 1.2 1
v -1.6 1.4 1
v -1.6 1.8 1
v -1.6 2 1
v -1.6 3.4 1
v -1.6 4.2 1
v -1.4 1.2 1
v -1.4 1.4 1
v -1.4 1.8 1
v -1.4 2 1
v -1.4 3.4 1
v -1.4 4 1
v -1.4 4.2 1
v 1.6 1.2 1
v 1.6 1.4 1
v 1.6 1.6 1
v 1.6 2 1
v 1.6 3.4 1
v 1.6 4 1
v 1.6 4.2 1
v 1.8 1.2 1
v 1.8 1.4 1
v 1.8 2 1
v 1.8 3.4 1
v 1.8 4 1
v 1.8 4.2 1
v -1.4 1 0.8
v -1.4 1.2 0.8
v -1.4 4.2 0.8
v -1.4 4.4 0.8
v -1.2 1 0.8
v -1.2 1.2 0.8
v -1.2 4.2 0.8
v -1.2 4.4 0.8
v 1.2 2.4 0.8
v 1.2 2.6 0.8
v 1.4 1 0.8
v 1.4 1.2 0.8
v 1.4 2.4 0.8
v 1.4 2.6 0.8
v 1.4 4.2 0.8
v 1.4 4.4 0.8
v 1.6 1 0.8
v 1.6 1.2 0.8
v 1.6 2.4 0.8
v 1.6 2.6 0.8
v 1.6 4.2 0.8
v 1.6 4.4 0.8
v -1.2 0.8 0.6
v -1.2 1 0.6
v -1.2 4.4 0.6
v -1.2 4.6 0.6
v -1 0.8 0.6
v -1 1 0.6
v -1 4.4 0.6
v -1 4.6 0.6
v 1.2 0.8 0.6
v 1.2 1 0.6
v 1.2 4.4 0.6
v 1.2 4.6 0.6
v 1.4 0.8 0.6
v 1.4 1 0.6
v 1.4 4.4 0.6
v 1.4 4.6 0.6
v -1.4 1.6 0.4
v -1.4 1.8 0.4
v -1.4 2.8 0.4
v -1.4 3 0.4
v -1.2 1.6 0.4
v -1.2 1.8 0.4
v -1.2 2.8 0.4
v -1.2 3 0.4
v -1 0.6 0.4
v -1 0.8 0.4
v -1 1.6 0.4
v -1 1.8 0.4
v -1 2.8 0.4
v -1 3 0.4
v -1 4.6 0.4
v -1 4.8 0.4
v -0.8 0.6 0.4
v -0.8 0.8 0.4
v -0.8 4.6 0.4
v -0.8 4.8 0.4
v -0.8 5 0.4
v -0.6 4.8 0.4
v -0.6 5 0.4
v -0.6 5.2 0.4
v -0.4 5 0.4
v -0.4 5.2 0.4
v -0.2 1.4 0.4
v -0.2 1.6 0.4
v 0.4 1.4 0.4
v 0.4 1.6 0.4
v 0.6 5 0.4
v 0.6 5.2 0.4
v 0.8 4.8 0.4
v 0.8 5 0.4
v 0.8 5.2 0.4
v 1 0.6 0.4
v 1 0.8 0.4
v 1 4.6 0.4
v 1 4.8 0.4
v 1 5 0.4
v 1.2 0.6 0.4
v 1.2 0.8 0.4
v 1.2 3.2 0.4
v 1.2 3.8 0.4
v 1.2 4.6 0.4
v 1.2 4.8 0.4
v 1.4 3.2 0.4
v 1.4 3.8 0.4
v 1.6 3.2 0.4
v 1.6 3.8 0.4
v -1.2 1.4 0.2
v -1.2 1.6 0.2
v -1 1.6 0.2
v -0.8 1.4 0.2
v -0.6 1.4 0.2
v -0.6 1.6 0.2
v 1.2 1.6 0
v 1.2 1.8 0
v 1.4 1.6 0
v 1.4 1.8 0
v 1.6 1.6 0
v 1.6 1.8 0
v 0.8 1.4 -0.2
v 0.8 1.6 -0.2
v 1.2 1.6 -0.2
v 1.2 2.4 -0.2
v 1.2 2.6 -0.2
v 1.4 1.4 -0.2
v 1.4 1.6 -0.2
v 1.4 2.4 -0.2
v 1.4 2.6 -0.2
v 1.6 2.4 -0.2
v 1.6 2.6 -0.2
v -1.4 3.4 -0.4
v -1.4 3.8 -0.4
v -1.4 4 -0.4
v -1.2 3.4 -0.4
v -1.2 3.8 -0.4
v -1.2 4 -0.4
v -1 3.4 -0.4
v -1 4 -0.4
v 0 5.4 -0.4
v 0 5.6 -0.4
v 0.2 5.4 -0.4
v 0.2 5.6 -0.4
v -1.4 2 -0.6
v -1.4 2.2 -0.6
v -1.2 2 -0.6
v -1.2 2.2 -0.6
v -1 2 -0.6
v -1 2.2 -0.6
v -0.2 5.2 -0.6
v -0.2 5.4 -0.6
v 0.4 5.2 -0.6
v 0.4 5.4 -0.6
v -0.4 5 -0.8
v -0.4 5.2 -0.8
v 0.6 5 -0.8
v 0.6 5.2 -0.8
v 1.2 2.8 -0.8
v 1.2 3 -0.8
v 1.4 2.8 -0.8
v 1.4 3 -0.8
v 1.6 2.8 -0.8
v 1.6 3 -0.8
v -1 0.6 -1
v -1 0.8 -1
v -1 4.6 -1
v -1 4.8 -1
v -0.8 0.4 -1
v -0.8 0.6 -1
v -0.8 0.8 -1
v -0.8 4.6 -1
v -0.8 4.8 -1
v -0.8 5 -1
v -0.6 0.2 -1
v -0.6 0.4 -1
v -0.6 0.6 -1
v -0.6 4.8 -1
v -0.6 5 -1
v -0.6 5.2 -1
v -0.4 0 -1
v -0.4 0.2 -1
v -0.4 0.4 -1
v -0.4 4.8 -1
v -0.4 5 -1
v -0.4 5.2 -1
v -0.2 0.2 -1
v -0.2 4.8 -1
v 0.4 0.2 -1
v 0.4 4.8 -1
v 0.6 0 -1
v 0.6 0.2 -1
v 0.6 0.4 -1
v 0.6 4.8 -1
v 0.6 5 -1
v 0.6 5.2 -1
v 0.8 0.2 -1
v 0.8 0.4 -1
v 0.8 0.6 -1
v 0.8 4.8 -1
v 0.8 5 -1
v 0.8 5.2 -1
v 1 0.4 -1
v 1 0.6 -1
v 1 0.8 -1
v 1 4.6 -1
v 1 4.8 -1
v 1 5 -1
v 1.2 0.6 -1
v 1.2 0.8 -1
v 1.2 3.8 -1
v 1.2 4 -1
v 1.2 4.6 -1
v 1.2 4.8 -1
v 1.4 3.8 -1
v 1.4 4 -1
v 1.6 3.8 -1
v 1.6 4 -1
v -1.2 0.8 -1.2
v -1.2 1 -1.2
v -1.2 4.4 -1.2
v -1.2 4.6 -1.2
v -1 0.8 -1.2
v -1 1 -1.2
v -1 4.4 -1.2
v -1 4.6 -1.2
v -0.8 0.6 -1.2
v -0.8 0.8 -1.2
v -0.8 4.6 -1.2
v -0.8 4.8 -1.2
v -0.6 0.4 -1.2
v -0.6 0.6 -1.2
v -0.6 0.8 -1.2
v -0.6 4.6 -1.2
v -0.6 4.8 -1.2
v -0.6 5 -1.2
v -0.4 0.2 -1.2
v -0.4 0.4 -1.2
v -0.4 0.6 -1.2
v -0.4 0.8 -1.2
v -0.4 4.6 -1.2
v -0.4 4.8 -1.2
v -0.4 5 -1.2
v -0.2 0.2 -1.2
v -0.2 0.4 -1.2
v -0.2 0.8 -1.2
v -0.2 4.6 -1.2
v -0.2 4.8 -1.2
v 0 4.6 -1.2
v 0.2 4.6 -1.2
v 0.4 0.2 -1.2
v 0.4 0.4 -1.2
v 0.4 0.8 -1.2
v 0.4 4.6 -1.2
v 0.4 4.8 -1.2
v 0.6 0.2 -1.2
v 0.6 0.4 -1.2
v 0.6 0.6 -1.2
v 0.6 0.8 -1.2
v 0.6 4.6 -1.2
v 0.6 4.8 -1.2
v 0.6 5 -1.2
v 0.8 0.4 -1.2
v 0.8 0.6 -1.2
v 0.8 0.8 -1.2
v 0.8 4.6 -1.2
v 0.8 4.8 -1.2
v 0.8 5 -1.2
v 1 0.6 -1.2
v 1 0.8 -1.2
v 1 4.6 -1.2
v 1 4.8 -1.2
v 1.2 0.8 -1.2
v 1.2 1 -1.2
v 1.2 4.4 -1.2
v 1.2 4.6 -1.2
v 1.4 0.8 -1.2
v 1.4 1 -1.2
v 1.4 4.4 -1.2
v 1.4 4.6 -1.2
v -1.4 1 -1.4
v -1.4 1.2 -1.4
v -1.4 1.4 -1.4
v -1.4 1.6 -1.4
v -1.4 4.2 -1.4
v -1.4 4.4 -1.4
v -1.2 1 -1.4
v -1.2 1.2 -1.4
v -1.2 1.4 -1.4
v -1.2 1.6 -1.4
v -1.2 4.2 -1.4
v -1.2 4.4 -1.4
v -1 0.8 -1.4
v -1 1 -1.4
v -1 4.4 -1.4
v -1 4.6 -1.4
v -0.8 0.8 -1.4
v -0.8 1 -1.4
v -0.8 2.6 -1.4
v -0.8 2.8 -1.4
v -0.8 4.4 -1.4
v -0.8 4.6 -1.4
v -0.6 0.6 -1.4
v -0.6 0.8 -1.4
v -0.6 1 -1.4
v -0.6 2.6 -1.4
v -0.6 2.8 -1.4
v -0.6 4.4 -1.4
v -0.6 4.6 -1.4
v -0.6 4.8 -1.4
v -0.4 0.6 -1.4
v -0.4 0.8 -1.4
v -0.4 1 -1.4
v -0.4 4.4 -1.4
v -0.4 4.6 -1.4
v -0.4 4.8 -1.4
v -0.2 0.8 -1.4
v -0.2 1 -1.4
v -0.2 1.8 -1.4
v -0.2 2 -1.4
v -0.2 4.4 -1.4
v 0 1 -1.4
v 0 1.8 -1.4
v 0 2 -1.4
v 0 4.4 -1.4
v 0 4.6 -1.4
v 0.2 4.4 -1.4
v 0.2 4.6 -1.4
v 0.4 0.8 -1.4
v 0.4 1 -1.4
v 0.4 2.8 -1.4
v 0.4 3.6 -1.4
v 0.6 0.6 -1.4
v 0.6 0.8 -1.4
v 0.6 1 -1.4
v 0.6 4.4 -1.4
v 0.6 4.6 -1.4
v 0.6 4.8 -1.4
v 0.8 0.6 -1.4
v 0.8 0.8 -1.4
v 0.8 1 -1.4
v 0.8 4.4 -1.4
v 0.8 4.6 -1.4
v 0.8 4.8 -1.4
v 1 0.8 -1.4
v 1 1 -1.4
v 1 2.8 -1.4
v 1 3.6 -1.4
v 1 4.4 -1.4
v 1 4.6 -1.4
v 1.2 0.8 -1.4
v 1.2 1 -1.4
v 1.2 4.4 -1.4
v 1.2 4.6 -1.4
v 1.4 1 -1.4
v 1.4 1.2 -1.4
v 1.4 1.4 -1.4
v 1.4 1.6 -1.4
v 1.4 4.2 -1.4
v 1.4 4.4 -1.4
v 1.6 1 -1.4
v 1.6 1.2 -1.4
v 1.6 1.4 -1.4
v 1.6 1.6 -1.4
v 1.6 4.2 -1.4
v 1.6 4.4 -1.4
v -1.6 1.2 -1.6
v -1.6 1.4 -1.6
v -1.6 2 -1.6
v -1.6 3.4 -1.6
v -1.6 4 -1.6
v -1.6 4.2 -1.6
v -1.4 1.2 -1.6
v -1.4 1.4 -1.6
v -1.4 1.8 -1.6
v -1.4 2 -1.6
v -1.4 3.4 -1.6
v -1.4 4 -1.6
v -1.4 4.2 -1.6
v -1.2 1 -1.6
v -1.2 1.2 -1.6
v -1.2 4.2 -1.6
v -1.2 4.4 -1.6
v -1 1 -1.6
v -1 1.2 -1.6
v -1 4.2 -1.6
v -1 4.4 -1.6
v -0.8 0.8 -1.6
v -0.8 1 -1.6
v -0.8 1.2 -1.6
v -0.8 4.2 -1.6
v -0.8 4.4 -1.6
v -0.8 4.6 -1.6
v -0.6 0.8 -1.6
v -0.6 1 -1.6
v -0.6 1.2 -1.6
v -0.6 4.4 -1.6
v -0.6 4.6 -1.6
v -0.4 1.2 -1.6
v -0.4 4.2 -1.6
v -0.4 4.4 -1.6
v -0.2 1 -1.6
v -0.2 1.2 -1.6
v -0.2 4.2 -1.6
v -0.2 4.4 -1.6
v 0 1 -1.6
v 0 1.2 -1.6
v 0 4.2 -1.6
v 0 4.4 -1.6
v 0.2 1.2 -1.6
v 0.2 4.2 -1.6
v 0.2 4.4 -1.6
v 0.6 1 -1.6
v 0.6 1.2 -1.6
v 0.6 4.2 -1.6
v 0.6 4.4 -1.6
v 0.8 0.8 -1.6
v 0.8 1 -1.6
v 0.8 1.2 -1.6
v 0.8 4.2 -1.6
v 0.8 4.4 -1.6
v 0.8 4.6 -1.6
v 1 0.8 -1.6
v 1 1 -1.6
v 1 1.2 -1.6
v 1 4.2 -1.6
v 1 4.4 -1.6
v 1 4.6 -1.6
v 1.2 1 -1.6
v 1.2 1.2 -1.6
v 1.2 4.2 -1.6
v 1.2 4.4 -1.6
v 1.4 1 -1.6
v 1.4 1.2 -1.6
v 1.4 4.2 -1.6
v 1.4 4.4 -1.6
v 1.6 1.2 -1.6
v 1.6 1.4 -1.6
v 1.6 1.8 -1.6
v 1.6 2 -1.6
v 1.6 3.4 -1.6
v 1.6 3.8 -1.6
v 1.6 4.2 -1.6
v 1.8 1.2 -1.6
v 1.8 1.4 -1.6
v 1.8 1.8 -1.6
v 1.8 2 -1.6
v 1.8 3.4 -1.6
v 1.8 3.8 -1.6
v 1.8 4.2 -1.6
v -1.4 1.2 -1.8
v -1.4 1.8 -1.8
v -1.4 4.2 -1.8
v -1.2 1.2 -1.8
v -1.2 1.4 -1.8
v -1.2 1.8 -1.8
v -1.2 2 -1.8
v -1.2 2.2 -1.8
v -1.2 2.4 -1.8
v -1.2 2.6 -1.8
v -1.2 3.2 -1.8
v -1.2 3.4 -1.8
v -1.2 3.8 -1.8
v -1.2 4.2 -1.8
v -1 1 -1.8
v -1 1.2 -1.8
v -1 1.4 -1.8
v -1 1.6 -1.8
v -1 1.8 -1.8
v -1 2 -1.8
v -1 2.2 -1.8
v -1 2.4 -1.8
v -1 2.6 -1.8
v -1 3.2 -1.8
v -1 3.4 -1.8
v -1 3.8 -1.8
v -1 4 -1.8
v -1 4.2 -1.8
v -1 4.4 -1.8
v -0.8 1 -1.8
v -0.8 1.2 -1.8
v -0.8 1.6 -1.8
v -0.8 2.6 -1.8
v -0.8 2.8 -1.8
v -0.8 3.4 -1.8
v -0.8 3.6 -1.8
v -0.8 4 -1.8
v -0.8 4.2 -1.8
v -0.8 4.4 -1.8
v -0.6 1.8 -1.8
v -0.6 2 -1.8
v -0.6 2.6 -1.8
v -0.6 2.8 -1.8
v -0.6 3.4 -1.8
v -0.6 3.6 -1.8
v -0.4 1.2 -1.8
v -0.4 1.6 -1.8
v -0.4 1.8 -1.8
v -0.4 2.2 -1.8
v -0.4 3 -1.8
v -0.4 4 -1.8
v -0.4 4.2 -1.8
v -0.2 1.6 -1.8
v -0.2 1.8 -1.8
v -0.2 2 -1.8
v -0.2 2.2 -1.8
v -0.2 2.4 -1.8
v -0.2 3 -1.8
v -0.2 4 -1.8
v -0.2 4.2 -1.8
v 0 1.4 -1.8
v 0 1.6 -1.8
v 0 1.8 -1.8
v 0 2 -1.8
v 0 3.4 -1.8
v 0 4 -1.8
v 0.2 1.2 -1.8
v 0.2 1.4 -1.8
v 0.2 1.8 -1.8
v 0.2 2.2 -1.8
v 0.2 2.4 -1.8
v 0.2 3.4 -1.8
v 0.4 1.6 -1.8
v 0.4 1.8 -1.8
v 0.4 2 -1.8
v 0.4 2.8 -1.8
v 0.4 3.6 -1.8
v 0.8 1.2 -1.8
v 0.8 1.4 -1.8
v 0.8 2.2 -1.8
v 0.8 2.8 -1.8
v 0.8 3.6 -1.8
v 0.8 4 -1.8
v 0.8 4.2 -1.8
v 1 1 -1.8
v 1 1.2 -1.8
v 1 1.6 -1.8
v 1 1.8 -1.8
v 1 2 -1.8
v 1 2.8 -1.8
v 1 3.6 -1.8
v 1 4.2 -1.8
v 1 4.4 -1.8
v 1.2 1 -1.8
v 1.2 1.2 -1.8
v 1.2 1.4 -1.8
v 1.2 1.6 -1.8
v 1.2 1.8 -1.8
v 1.2 2 -1.8
v 1.2 2.2 -1.8
v 1.2 2.4 -1.8
v 1.2 3.4 -1.8
v 1.2 3.6 -1.8
v 1.2 3.8 -1.8
v 1.2 4.2 -1.8
v 1.2 4.4 -1.8
v 1.4 1.2 -1.8
v 1.4 1.4 -1.8
v 1.4 1.6 -1.8
v 1.4 1.8 -1.8
v 1.4 2 -1.8
v 1.4 2.2 -1.8
v 1.4 2.4 -1.8
v 1.4 3.4 -1.8
v 1.4 3.6 -1.8
v 1.4 3.8 -1.8
v 1.4 4.2 -1.8
v 1.6 1.2 -1.8
v 1.6 1.4 -1.8
v 1.6 1.8 -1.8
v 1.6 4.2 -1.8
v -1.2 1.2 -2
v -1.2 1.4 -2
v -1.2 1.8 -2
v -1.2 2 -2
v -1.2 3.4 -2
v -1.2 3.8 -2
v -1.2 4.2 -2
v -1 1.2 -2
v -1 1.4 -2
v -1 1.8 -2
v -1 2 -2
v -1 3.4 -2
v -1 3.8 -2
v -1 4.2 -2
v 1.2 1.2 -2
v 1.2 1.4 -2
v 1.2 1.6 -2
v 1.2 2 -2
v 1.2 3.4 -2
v 1.2 3.6 -2
v 1.2 3.8 -2
v 1.2 4.2 -2
v 1.4 1.2 -2
v 1.4 1.4 -2
v 1.4 1.6 -2
v 1.4 2 -2
v 1.4 3.4 -2
v 1.4 3.6 -2
v 1.4 3.8 -2
v 1.4 4.2 -2
v -0.4 0 0.4
v 0.6 0 0.4
v -0.4 0 -1
v 0.6 0 -1
v -0.4 0.2 0.6
v -0.2 0.2 0.6
v 0.4 0.2 0.6
v 0.6 0.2 0.6
v -0.6 0.2 0.4
v -0.4 0.2 0.4
v -0.2 0.2 0.4
v 0.4 0.2 0.4
v 0.6 0.2 0.4
v 0.8 0.2 0.4
v -0.6 0.2 0.2
v -0.4 0.2 0.2
v 0.6 0.2 0.2
v 0.8 0.2 0.2
v -0.6 0.2 -0.8
v -0.4 0.2 -0.8
v 0.6 0.2 -0.8
v 0.8 0.2 -0.8
v -0.6 0.2 -1
v -0.4 0.2 -1
v -0.2 0.2 -1
v 0.4 0.2 -1
v 0.6 0.2 -1
v 0.8 0.2 -1
v -0.4 0.2 -1.2
v -0.2 0.2 -1.2
v 0.4 0.2 -1.2
v 0.6 0.2 -1.2
v -0.6 0.4 0.8
v -0.4 0.4 0.8
v 0.6 0.4 0.8
v 0.8 0.4 0.8
v -0.8 0.4 0.6
v -0.6 0.4 0.6
v -0.4 0.4 0.6
v -0.2 0.4 0.6
v 0.4 0.4 0.6
v 0.6 0.4 0.6
v 0.8 0.4 0.6
v 1 0.4 0.6
v -0.8 0.4 0.4
v -0.6 0.4 0.4
v -0.4 0.4 0.4
v 0.6 0.4 0.4
v 0.8 0.4 0.4
v 1 0.4 0.4
v -0.6 0.4 0.2
v 0.8 0.4 0.2
v -0.8 0.4 -0.8
v -0.6 0.4 -0.8
v 0.8 0.4 -0.8
v 1 0.4 -0.8
v -0.8 0.4 -1
v -0.6 0.4 -1
v -0.4 0.4 -1
v 0.6 0.4 -1
v 0.8 0.4 -1
v 1 0.4 -1
v -0.6 0.4 -1.2
v -0.4 0.4 -1.2
v 0.6 0.4 -1.2
v 0.8 0.4 -1.2
v -0.6 0.6 1
v -0.4 0.6 1
v 0.6 0.6 1
v 0.8 0.6 1
v -0.8 0.6 0.8
v -0.6 0.6 0.8
v -0.4 0.6 0.8
v 0.6 0.6 0.8
v 0.8 0.6 0.8
v 1 0.6 0.8
v -1 0.6 0.6
v -0.8 0.6 0.6
v -0.6 0.6 0.6
v 0.8 0.6 0.6
v 1 0.6 0.6
v 1.2 0.6 0.6
v -1 0.6 0.4
v -0.8 0.6 0.4
v 1 0.6 0.4
v 1.2 0.6 0.4
v -1 0.6 -0.8
v -0.8 0.6 -0.8
v 1 0.6 -0.8
v 1.2 0.6 -0.8
v -1 0.6 -1
v -0.8 0.6 -1
v -0.6 0.6 -1
v 0.8 0.6 -1
v 1 0.6 -1
v 1.2 0.6 -1
v -0.8 0.6 -1.2
v -0.6 0.6 -1.2
v -0.4 0.6 -1.2
v 0.6 0.6 -1.2
v 0.8 0.6 -1.2
v 1 0.6 -1.2
v -0.6 0.6 -1.4
v -0.4 0.6 -1.4
v 0.6 0.6 -1.4
v 0.8 0.6 -1.4
v -0.8 0.8 1.2
v -0.6 0.8 1.2
v 0.8 0.8 1.2
v 1 0.8 1.2
v -1 0.8 1
v -0.8 0.8 1
v -0.6 0.8 1
v -0.4 0.8 1
v -0.2 0.8 1
v 0 0.8 1
v 0.2 0.8 1
v 0.4 0.8 1
v 0.6 0.8 1
v 0.8 0.8 1
v 1 0.8 1
v 1.2 0.8 1
v -1.2 0.8 0.8
v -1 0.8 0.8
v -0.8 0.8 0.8
v -0.6 0.8 0.8
v -0.4 0.8 0.8
v -0.2 0.8 0.8
v 0 0.8 0.8
v 0.2 0.8 0.8
v 0.4 0.8 0.8
v 0.6 0.8 0.8
v 0.8 0.8 0.8
v 1 0.8 0.8
v 1.2 0.8 0.8
v 1.4 0.8 0.8
v -1.2 0.8 0.6
v -1 0.8 0.6
v -0.8 0.8 0.6
v 1 0.8 0.6
v 1.2 0.8 0.6
v 1.4 0.8 0.6
v -1 0.8 0.4
v -0.8 0.8 0.4
v 1 0.8 0.4
v 1.2 0.8 0.4
v -1 0.8 -0.2
v -0.8 0.8 -0.2
v 1 0.8 -0.6
v 1.2 0.8 -0.6
v -1 0.8 -0.8
v -0.8 0.8 -0.8
v 1 0.8 -0.8
v 1.2 0.8 -0.8
v -1.2 0.8 -1
v -1 0.8 -1
v -0.8 0.8 -1
v 1 0.8 -1
v 1.2 0.8 -1
v 1.4 0.8 -1
v -1.2 0.8 -1.2
v -1 0.8 -1.2
v -0.8 0.8 -1.2
v -0.6 0.8 -1.2
v -0.4 0.8 -1.2
v -0.2 0.8 -1.2
v 0.4 0.8 -1.2
v 0.6 0.8 -1.2
v 0.8 0.8 -1.2
v 1 0.8 -1.2
v 1.2 0.8 -1.2
v 1.4 0.8 -1.2
v -1 0.8 -1.4
v -0.8 0.8 -1.4
v -0.6 0.8 -1.4
v -0.4 0.8 -1.4
v -0.2 0.8 -1.4
v 0.4 0.8 -1.4
v 0.6 0.8 -1.4
v 0.8 0.8 -1.4
v 1 0.8 -1.4
v 1.2 0.8 -1.4
v -0.8 0.8 -1.6
v -0.6 0.8 -1.6
v 0.8 0.8 -1.6
v 1 0.8 -1.6
v -1 1 1.4
v -0.8 1 1.4
v 1 1 1.4
v 1.2 1 1.4
v -1.2 1 1.2
v -1 1 1.2
v -0.8 1 1.2
v -0.6 1 1.2
v -0.4 1 1.2
v -0.2 1 1.2
v 0.4 1 1.2
v 0.6 1 1.2
v 0.8 1 1.2
v 1 1 1.2
v 1.2 1 1.2
v 1.4 1 1.2
v -1.4 1 1
v -1.2 1 1
v -1 1 1
v -0.8 1 1
v -0.6 1 1
v -0.4 1 1
v -0.2 1 1
v 0 1 1
v 0.2 1 1
v 0.4 1 1
v 0.6 1 1
v 0.8 1 1
v 1 1 1
v 1.2 1 1
v 1.4 1 1
v 1.6 1 1
v -1.4 1 0.8
v -1.2 1 0.8
v -1 1 0.8
v 1.2 1 0.8
v 1.4 1 0.8
v 1.6 1 0.8
v -1.2 1 0.6
v -1 1 0.6
v 1.2 1 0.6
v 1.4 1 0.6
v -1 1 0.4
v 1.2 1 0.4
v 1.4 1 0.4
v -1.2 1 0.2
v -1 1 0.2
v -1 1 -0.2
v 1.2 1 -0.2
v 1.4 1 -0.2
v -1.2 1 -0.4
v -1 1 -0.4
v 1.2 1 -0.6
v 1.4 1 -0.6
v -1.2 1 -0.8
v -1 1 -0.8
v 1.2 1 -0.8
v -1.2 1 -1
v -1 1 -1
v 1.2 1 -1
v 1.4 1 -1
v -1.4 1 -1.2
v -1.2 1 -1.2
v -1 1 -1.2
v 1.2 1 -1.2
v 1.4 1 -1.2
v 1.6 1 -1.2
v -1.4 1 -1.4
v -1.2 1 -1.4
v -1 1 -1.4
v -0.8 1 -1.4
v -0.6 1 -1.4
v -0.4 1 -1.4
v -0.2 1 -1.4
v 0 1 -1.4
v 0.4 1 -1.4
v 0.6 1 -1.4
v 0.8 1 -1.4
v 1 1 -1.4
v 1.2 1 -1.4
v 1.4 1 -1.4
v 1.6 1 -1.4
v -1.2 1 -1.6
v -1 1 -1.6
v -0.8 1 -1.6
v -0.6 1 -1.6
v -0.2 1 -1.6
v 0 1 -1.6
v 0.6 1 -1.6
v 0.8 1 -1.6
v 1 1 -1.6
v 1.2 1 -1.6
v 1.4 1 -1.6
v -1 1 -1.8
v -0.8 1 -1.8
v 1 1 -1.8
v 1.2 1 -1.8
v -1.2 1.2 1.6
v -1 1.2 1.6
v 1.2 1.2 1.6
v 1.4 1.2 1.6
v -1.4 1.2 1.4
v -1.2 1.2 1.4
v -1 1.2 1.4
v -0.8 1.2 1.4
v -0.2 1.2 1.4
v 0.2 1.2 1.4
v 0.4 1.2 1.4
v 0.6 1.2 1.4
v 1 1.2 1.4
v 1.2 1.2 1.4
v 1.4 1.2 1.4
v 1.6 1.2 1.4
v -1.6 1.2 1.2
v -1.4 1.2 1.2
v -1.2 1.2 1.2
v -1 1.2 1.2
v -0.8 1.2 1.2
v -0.6 1.2 1.2
v -0.4 1.2 1.2
v -0.2 1.2 1.2
v 0.2 1.2 1.2
v 0.4 1.2 1.2
v 0.6 1.2 1.2
v 0.8 1.2 1.2
v 1 1.2 1.2
v 1.2 1.2 1.2
v 1.4 1.2 1.2
v 1.6 1.2 1.2
v 1.8 1.2 1.2
v -1.6 1.2 1
v -1.4 1.2 1
v -1.2 1.2 1
v 1.4 1.2 1
v 1.6 1.2 1
v 1.8 1.2 1
v -1.4 1.2 0.8
v -1.2 1.2 0.8
v 1.4 1.2 0.8
v 1.6 1.2 0.8
v -1.2 1.2 0.6
v 1.4 1.2 0.6
v 1.6 1.2 0.6
v -1.4 1.2 0.4
v -1.2 1.2 0.4
v 1.4 1.2 0.4
v 1.6 1.2 0.4
v -1.4 1.2 0.2
v -1.2 1.2 0.2
v 1.4 1.2 -0.2
v 1.6 1.2 -0.2
v -1.4 1.2 -0.4
v -1.2 1.2 -0.4
v 1.4 1.2 -0.6
v 1.6 1.2 -0.6
v -1.2 1.2 -0.8
v 1.4 1.2 -0.8
v 1.6 1.2 -0.8
v -1.4 1.2 -1
v -1.2 1.2 -1
v 1.4 1.2 -1
v 1.6 1.2 -1
v -1.4 1.2 -1.2
v -1.2 1.2 -1.2
v 1.4 1.2 -1.2
v 1.6 1.2 -1.2
v -1.6 1.2 -1.4
v -1.4 1.2 -1.4
v -1.2 1.2 -1.4
v 1.4 1.2 -1.4
v 1.6 1.2 -1.4
v 1.8 1.2 -1.4
v -1.6 1.2 -1.6
v -1.4 1.2 -1.6
v -1.2 1.2 -1.6
v -1 1.2 -1.6
v -0.8 1.2 -1.6
v -0.6 1.2 -1.6
v -0.4 1.2 -1.6
v -0.2 1.2 -1.6
v 0 1.2 -1.6
v 0.2 1.2 -1.6
v 0.6 1.2 -1.6
v 0.8 1.2 -1.6
v 1 1.2 -1.6
v 1.2 1.2 -1.6
v 1.4 1.2 -1.6
v 1.6 1.2 -1.6
v 1.8 1.2 -1.6
v -1.4 1.2 -1.8
v -1.2 1.2 -1.8
v -1 1.2 -1.8
v -0.8 1.2 -1.8
v -0.4 1.2 -1.8
v 0.2 1.2 -1.8
v 0.8 1.2 -1.8
v 1 1.2 -1.8
v 1.2 1.2 -1.8
v 1.4 1.2 -1.8
v 1.6 1.2 -1.8
v -1.2 1.2 -2
v -1 1.2 -2
v 1.2 1.2 -2
v 1.4 1.2 -2
v -1.2 1.6 1.4
v -1 1.6 1.4
v 0 1.6 1.4
v 0.2 1.6 1.4
v 1.2 1.6 1.4
v 1.4 1.6 1.4
v -1.4 1.6 1.2
v -1.2 1.6 1.2
v -1 1.6 1.2
v -0.8 1.6 1.2
v -0.6 1.6 1.2
v -0.4 1.6 1.2
v -0.2 1.6 1.2
v 0 1.6 1.2
v 0.2 1.6 1.2
v 0.4 1.6 1.2
v 0.6 1.6 1.2
v 0.8 1.6 1.2
v 1 1.6 1.2
v 1.2 1.6 1.2
v 1.4 1.6 1.2
v 1.6 1.6 1.2
v -1.4 1.6 1
v -1.2 1.6 1
v -0.8 1.6 1
v -0.6 1.6 1
v -0.4 1.6 1
v -0.2 1.6 1
v 0 1.6 1
v 0.2 1.6 1
v 1.2 1.6 1
v 1.4 1.6 1
v 1.6 1.6 1
v -0.6 1.6 0.8
v -0.4 1.6 0.8
v -0.2 1.6 0.8
v 0.4 1.6 0.8
v 1.4 1.6 0.8
v -1.2 1.6 0.6
v -1 1.6 0.6
v 0.4 1.6 0.6
v 0.6 1.6 0.6
v 0.8 1.6 0.6
v 1.2 1.6 0.6
v -1.2 1.6 0.4
v -1 1.6 0.4
v -0.6 1.6 0.4
v -0.2 1.6 0.4
v 0.4 1.6 0.4
v 0.8 1.6 0.4
v -1.2 1.6 0.2
v -1 1.6 0.2
v -0.6 1.6 0.2
v 1.2 1.6 0.2
v 1.4 1.6 0.2
v -1.2 1.6 0
v -1 1.6 0
v 0.8 1.6 0
v 1.2 1.6 0
v 1.4 1.6 0
v 0.8 1.6 -0.2
v 1.2 1.6 -0.2
v 1.4 1.6 -0.2
v 1.2 1.6 -0.4
v 1.4 1.6 -0.4
v 1 1.6 -0.6
v 1.4 1.6 -0.6
v -1.2 1.6 -0.8
v -1.2 1.6 -1
v -0.6 1.6 -1
v 1.4 1.6 -1
v -0.6 1.6 -1.2
v -0.2 1.6 -1.2
v 1.4 1.6 -1.2
v -1.4 1.6 -1.4
v -1.2 1.6 -1.4
v -0.2 1.6 -1.4
v 0 1.6 -1.4
v 1 1.6 -1.4
v 1.4 1.6 -1.4
v 1.6 1.6 -1.4
v -1.4 1.6 -1.6
v -1.2 1.6 -1.6
v -1 1.6 -1.6
v -0.8 1.6 -1.6
v -0.4 1.6 -1.6
v -0.2 1.6 -1.6
v 0 1.6 -1.6
v 1 1.6 -1.6
v 1.2 1.6 -1.6
v 1.4 1.6 -1.6
v 1.6 1.6 -1.6
v -1.2 1.6 -1.8
v -1 1.6 -1.8
v 1.2 1.6 -1.8
v 1.4 1.6 -1.8
v -0.6 1.8 1.4
v -0.4 1.8 1.4
v -0.6 1.8 1.2
v -0.4 1.8 1.2
v -0.6 1.8 1
v -0.4 1.8 1
v -1.4 1.8 0.4
v -1.2 1.8 0.4
v -1 1.8 0.4
v -1.4 1.8 0.2
v -1.2 1.8 0.2
v -1 1.8 0.2
v 1.2 1.8 0
v 1.4 1.8 0
v 1.6 1.8 0
v 1.2 1.8 -0.2
v 1.4 1.8 -0.2
v 1.6 1.8 -0.2
v -0.2 2 -1.4
v 0 2 -1.4
v -0.2 2 -1.6
v 0 2 -1.6
v -0.2 2 -1.8
v 0 2 -1.8
v 0.8 2.2 1.4
v 1 2.2 1.4
v 1 2.2 1.2
v 0.8 2.2 1
v 1 2.2 1
v 0.8 2.2 0.8
v 1 2.2 0.8
v -1.4 2.2 -0.6
v -1.2 2.2 -0.6
v -1 2.2 -0.6
v -1.4 2.2 -0.8
v -1.2 2.2 -0.8
v -1 2.2 -0.8
v 1.2 2.6 0.8
v 1.4 2.6 0.8
v 1.6 2.6 0.8
v 1.2 2.6 0.6
v 1.4 2.6 0.6
v 1.6 2.6 0.6
v 1.2 2.6 -0.2
v 1.4 2.6 -0.2
v 1.6 2.6 -0.2
v 1.2 2.6 -0.4
v 1.4 2.6 -0.4
v 1.6 2.6 -0.4
v -0.8 2.8 -1.4
v -0.6 2.8 -1.4
v -0.8 2.8 -1.6
v -0.6 2.8 -1.6
v -0.8 2.8 -1.8
v -0.6 2.8 -1.8
v 1.2 3 1.4
v 1.4 3 1.4
v 1.2 3 1
v 1.4 3 1
v 1.2 3 0.8
v 1.4 3 0.8
v -1.4 3 0.4
v -1.2 3 0.4
v -1 3 0.4
v -1.4 3 0.2
v -1.2 3 0.2
v -1 3 0.2
v 1.2 3 -0.8
v 1.4 3 -0.8
v 1.6 3 -0.8
v 1.2 3 -1
v 1.4 3 -1
v 1.6 3 -1
v -1.2 3.4 1.6
v -1 3.4 1.6
v 1.2 3.4 1.6
v 1.4 3.4 1.6
v -1.2 3.4 1.4
v -1 3.4 1.4
v -0.4 3.4 1.4
v -0.2 3.4 1.4
v 1.2 3.4 1.4
v 1.4 3.4 1.4
v -1.6 3.4 1.2
v -1.4 3.4 1.2
v -1 3.4 1.2
v -0.4 3.4 1.2
v -0.2 3.4 1.2
v 1.6 3.4 1.2
v 1.8 3.4 1.2
v -1.6 3.4 1
v -1.4 3.4 1
v -1 3.4 1
v -0.2 3.4 1
v 1.6 3.4 1
v 1.8 3.4 1
v -1.6 3.4 -1.4
v -1.4 3.4 -1.4
v 1.6 3.4 -1.4
v 1.8 3.4 -1.4
v -1.6 3.4 -1.6
v -1.4 3.4 -1.6
v 1.6 3.4 -1.6
v 1.8 3.4 -1.6
v -1.2 3.4 -1.8
v -1 3.4 -1.8
v 1.2 3.4 -1.8
v 1.4 3.4 -1.8
v -1.2 3.4 -2
v -1 3.4 -2
v 1.2 3.4 -2
v 1.4 3.4 -2
v 0.4 3.6 -1.4
v 1 3.6 -1.4
v 0.4 3.6 -1.6
v 0.8 3.6 -1.6
v 1 3.6 -1.6
v 0.4 3.6 -1.8
v 0.8 3.6 -1.8
v 1 3.6 -1.8
v 0.2 3.8 1.4
v 0.8 3.8 1.4
v 0.2 3.8 1.2
v 0.8 3.8 1.2
v 0.2 3.8 1
v 0.8 3.8 1
v 1.2 3.8 0.4
v 1.4 3.8 0.4
v 1.6 3.8 0.4
v 1.2 3.8 0
v 1.4 3.8 0
v 1.6 3.8 0
v -1.4 4 -0.4
v -1.2 4 -0.4
v -1 4 -0.4
v -1.4 4 -0.6
v -1.2 4 -0.6
v -1.4 4 -0.8
v -1.2 4 -0.8
v -1.4 4 -1
v -1.2 4 -1
v -1 4 -1
v 1.2 4 -1
v 1.4 4 -1
v 1.6 4 -1
v 1.2 4 -1.2
v 1.4 4 -1.2
v 1.6 4 -1.2
v -1.2 1.4 1.4
v -1 1.4 1.4
v 0 1.4 1.4
v 0.2 1.4 1.4
v 1.2 1.4 1.4
v 1.4 1.4 1.4
v -1.4 1.4 1.2
v -1.2 1.4 1.2
v -1 1.4 1.2
v -0.2 1.4 1.2
v 0 1.4 1.2
v 0.2 1.4 1.2
v 0.4 1.4 1.2
v 0.6 1.4 1.2
v 0.8 1.4 1.2
v 1 1.4 1.2
v 1.2 1.4 1.2
v 1.4 1.4 1.2
v 1.6 1.4 1.2
v -1.4 1.4 1
v -1.2 1.4 1
v -1 1.4 1
v 0 1.4 1
v 0.2 1.4 1
v 1.2 1.4 1
v 1.4 1.4 1
v 1.6 1.4 1
v -0.2 1.4 0.8
v 0.4 1.4 0.8
v 1.4 1.4 0.8
v 0.4 1.4 0.6
v 0.6 1.4 0.6
v 0.8 1.4 0.6
v 1.2 1.4 0.6
v -1.2 1.4 0.4
v -1 1.4 0.4
v -0.6 1.4 0.4
v -0.2 1.4 0.4
v 0.4 1.4 0.4
v 0.8 1.4 0.4
v -1.2 1.4 0.2
v -0.8 1.4 0.2
v -0.6 1.4 0.2
v 0.6 1.4 0.2
v 0.8 1.4 0.2
v 0.4 1.4 0
v 0.6 1.4 0
v 0.8 1.4 0
v 1.4 1.4 0
v 0.4 1.4 -0.2
v 0.6 1.4 -0.2
v 0.8 1.4 -0.2
v 1.4 1.4 -0.2
v -1.2 1.4 -0.4
v -0.8 1.4 -0.4
v -1.2 1.4 -0.8
v -1 1.4 -0.8
v -0.8 1.4 -0.8
v -0.2 1.4 -0.8
v 0.4 1.4 -0.8
v -1.2 1.4 -1
v -1 1.4 -1
v -0.6 1.4 -1
v 0.8 1.4 -1
v 1.2 1.4 -1
v 1.4 1.4 -1
v -0.6 1.4 -1.2
v -0.2 1.4 -1.2
v 1.2 1.4 -1.2
v 1.4 1.4 -1.2
v -1.4 1.4 -1.4
v -1.2 1.4 -1.4
v -0.2 1.4 -1.4
v 0.4 1.4 -1.4
v 1 1.4 -1.4
v 1.4 1.4 -1.4
v 1.6 1.4 -1.4
v -1.4 1.4 -1.6
v -1.2 1.4 -1.6
v -1 1.4 -1.6
v -0.8 1.4 -1.6
v -0.4 1.4 -1.6
v 0 1.4 -1.6
v 1 1.4 -1.6
v 1.2 1.4 -1.6
v 1.4 1.4 -1.6
v 1.6 1.4 -1.6
v -1.2 1.4 -1.8
v -1 1.4 -1.8
v 1.2 1.4 -1.8
v 1.4 1.4 -1.8
v -0.6 1.6 1.4
v -0.4 1.6 1.4
v -0.6 1.6 1.2
v -0.4 1.6 1.2
v -1.4 1.6 0.4
v -1.2 1.6 0.4
v -1 1.6 0.4
v -1.4 1.6 0.2
v -1.2 1.6 0.2
v -1 1.6 0.2
v 1.2 1.6 0
v 1.4 1.6 0
v 1.6 1.6 0
v 1.2 1.6 -0.2
v 1.4 1.6 -0.2
v 1.6 1.6 -0.2
v -0.2 1.8 -1.4
v 0 1.8 -1.4
v -0.2 1.8 -1.6
v 0 1.8 -1.6
v -0.2 1.8 -1.8
v 0 1.8 -1.8
v -1.2 2 1.6
v -1 2 1.6
v 1.2 2 1.6
v 1.4 2 1.6
v -1.2 2 1.4
v -1 2 1.4
v 0.8 2 1.4
v 1 2 1.4
v 1.2 2 1.4
v 1.4 2 1.4
v -1.6 2 1.2
v -1.4 2 1.2
v 0.8 2 1.2
v 1 2 1.2
v 1.6 2 1.2
v 1.8 2 1.2
v -1.6 2 1
v -1.4 2 1
v 0.8 2 1
v 1 2 1
v 1.6 2 1
v 1.8 2 1
v 0.8 2 0.8
v 1 2 0.8
v -1.4 2 -0.6
v -1.2 2 -0.6
v -1 2 -0.6
v -1.4 2 -0.8
v -1.2 2 -0.8
v -1 2 -0.8
v -1.6 2 -1.4
v -1.4 2 -1.4
v 1.6 2 -1.4
v 1.8 2 -1.4
v -1.6 2 -1.6
v -1.4 2 -1.6
v 1.6 2 -1.6
v 1.8 2 -1.6
v -1.2 2 -1.8
v -1 2 -1.8
v 1.2 2 -1.8
v 1.4 2 -1.8
v -1.2 2 -2
v -1 2 -2
v 1.2 2 -2
v 1.4 2 -2
v -1 2.4 1.4
v -0.6 2.4 1.4
v -0.2 2.4 1.4
v -1 2.4 1.2
v -0.6 2.4 1.2
v -0.2 2.4 1.2
v -1 2.4 1
v -0.2 2.4 1
v 1.2 2.4 0.8
v 1.4 2.4 0.8
v 1.6 2.4 0.8
v 1.2 2.4 0.6
v 1.4 2.4 0.6
v 1.6 2.4 0.6
v 1.2 2.4 -0.2
v 1.4 2.4 -0.2
v 1.6 2.4 -0.2
v 1.2 2.4 -0.4
v 1.4 2.4 -0.4
v 1.6 2.4 -0.4
v -0.8 2.6 -1.4
v -0.6 2.6 -1.4
v -0.8 2.6 -1.6
v -0.6 2.6 -1.6
v -0.8 2.6 -1.8
v -0.6 2.6 -1.8
v 1.2 2.8 1.4
v 1.4 2.8 1.4
v 1.2 2.8 1
v 1.4 2.8 1
v 1.2 2.8 0.8
v 1.4 2.8 0.8
v -1.4 2.8 0.4
v -1.2 2.8 0.4
v -1 2.8 0.4
v -1.4 2.8 0.2
v -1.2 2.8 0.2
v -1 2.8 0.2
v 1.2 2.8 -0.8
v 1.4 2.8 -0.8
v 1.6 2.8 -0.8
v 1.2 2.8 -1
v 1.4 2.8 -1
v 1.6 2.8 -1
v 0.4 2.8 -1.4
v 1 2.8 -1.4
v 0.4 2.8 -1.6
v 0.8 2.8 -1.6
v 1 2.8 -1.6
v 0.4 2.8 -1.8
v 0.8 2.8 -1.8
v 1 2.8 -1.8
v 1.2 3.2 0.4
v 1.4 3.2 0.4
v 1.6 3.2 0.4
v 1.2 3.2 0
v 1.4 3.2 0
v 1.6 3.2 0
v 0.2 3.4 1.4
v 0.8 3.4 1.4
v 0.2 3.4 1.2
v 0.8 3.4 1.2
v 0.2 3.4 1
v 0.8 3.4 1
v -1.4 3.4 -0.4
v -1.2 3.4 -0.4
v -1 3.4 -0.4
v -1.4 3.4 -0.8
v -1.2 3.4 -0.8
v -1.4 3.4 -1
v -1.2 3.4 -1
v -1 3.4 -1
v 1.2 3.8 -1
v 1.4 3.8 -1
v 1.6 3.8 -1
v 1.2 3.8 -1.2
v 1.4 3.8 -1.2
v 1.6 3.8 -1.2
v -1.2 4.2 1.6
v -1 4.2 1.6
v 1.2 4.2 1.6
v 1.4 4.2 1.6
v -1.4 4.2 1.4
v -1.2 4.2 1.4
v -1 4.2 1.4
v -0.8 4.2 1.4
v 0.4 4.2 1.4
v 0.6 4.2 1.4
v 1 4.2 1.4
v 1.2 4.2 1.4
v 1.4 4.2 1.4
v 1.6 4.2 1.4
v -1.6 4.2 1.2
v -1.4 4.2 1.2
v -1.2 4.2 1.2
v -1 4.2 1.2
v -0.8 4.2 1.2
v -0.6 4.2 1.2
v -0.4 4.2 1.2
v 0.4 4.2 1.2
v 0.6 4.2 1.2
v 0.8 4.2 1.2
v 1 4.2 1.2
v 1.2 4.2 1.2
v 1.4 4.2 1.2
v 1.6 4.2 1.2
v 1.8 4.2 1.2
v -1.6 4.2 1
v -1.4 4.2 1
v -1.2 4.2 1
v 1.4 4.2 1
v 1.6 4.2 1
v 1.8 4.2 1
v -1.4 4.2 0.8
v -1.2 4.2 0.8
v 1.4 4.2 0.8
v 1.6 4.2 0.8
v -1.2 4.2 0.6
v 1.4 4.2 0.6
v -1.2 4.2 0.4
v 1.4 4.2 0.4
v -1.4 4.2 0
v -1.2 4.2 0
v -1.4 4.2 -0.2
v -1.2 4.2 -0.2
v 1.4 4.2 -0.2
v -1.2 4.2 -0.4
v 1.4 4.2 -0.4
v -1.4 4.2 -0.6
v -1.2 4.2 -0.6
v -1.4 4.2 -0.8
v -1.2 4.2 -0.8
v 1.4 4.2 -0.8
v 1.6 4.2 -0.8
v -1.4 4.2 -1
v -1.2 4.2 -1
v 1.4 4.2 -1
v 1.6 4.2 -1
v -1.4 4.2 -1.2
v -1.2 4.2 -1.2
v 1.4 4.2 -1.2
v 1.6 4.2 -1.2
v -1.6 4.2 -1.4
v -1.4 4.2 -1.4
v -1.2 4.2 -1.4
v 1.4 4.2 -1.4
v 1.6 4.2 -1.4
v 1.8 4.2 -1.4
v -1.6 4.2 -1.6
v -1.4 4.2 -1.6
v -1.2 4.2 -1.6
v -1 4.2 -1.6
v -0.8 4.2 -1.6
v -0.4 4.2 -1.6
v -0.2 4.2 -1.6
v 0 4.2 -1.6
v 0.2 4.2 -1.6
v 0.6 4.2 -1.6
v 0.8 4.2 -1.6
v 1 4.2 -1.6
v 1.2 4.2 -1.6
v 1.4 4.2 -1.6
v 1.6 4.2 -1.6
v 1.8 4.2 -1.6
v -1.4 4.2 -1.8
v -1.2 4.2 -1.8
v -1 4.2 -1.8
v -0.8 4.2 -1.8
v -0.4 4.2 -1.8
v -0.2 4.2 -1.8
v 0.8 4.2 -1.8
v 1 4.2 -1.8
v 1.2 4.2 -1.8
v 1.4 4.2 -1.8
v 1.6 4.2 -1.8
v -1.2 4.2 -2
v -1 4.2 -2
v 1.2 4.2 -2
v 1.4 4.2 -2
v -1 4.4 1.4
v -0.8 4.4 1.4
v 1 4.4 1.4
v 1.2 4.4 1.4
v -1.2 4.4 1.2
v -1 4.4 1.2
v -0.8 4.4 1.2
v -0.6 4.4 1.2
v -0.4 4.4 1.2
v 0.6 4.4 1.2
v 0.8 4.4 1.2
v 1 4.4 1.2
v 1.2 4.4 1.2
v 1.4 4.4 1.2
v -1.4 4.4 1
v -1.2 4.4 1
v -1 4.4 1
v -0.8 4.4 1
v -0.6 4.4 1
v -0.4 4.4 1
v 0 4.4 1
v 0.2 4.4 1
v 0.6 4.4 1
v 0.8 4.4 1
v 1 4.4 1
v 1.2 4.4 1
v 1.4 4.4 1
v 1.6 4.4 1
v -1.4 4.4 0.8
v -1.2 4.4 0.8
v -1 4.4 0.8
v 1.2 4.4 0.8
v 1.4 4.4 0.8
v 1.6 4.4 0.8
v -1.2 4.4 0.6
v -1 4.4 0.6
v 1.2 4.4 0.6
v 1.4 4.4 0.6
v -1.2 4.4 0.4
v -1 4.4 0.4
v 1.2 4.4 0.4
v 1.4 4.4 0.4
v -1 4.4 0
v 1.2 4.4 0
v -1.2 4.4 -0.2
v -1 4.4 -0.2
v 1.2 4.4 -0.2
v 1.4 4.4 -0.2
v -1.2 4.4 -0.4
v -1 4.4 -0.4
v 1.2 4.4 -0.4
v 1.4 4.4 -0.4
v -1 4.4 -0.8
v 1.2 4.4 -0.8
v 1.4 4.4 -0.8
v -1.2 4.4 -1
v -1 4.4 -1
v 1.2 4.4 -1
v 1.4 4.4 -1
v -1.4 4.4 -1.2
v -1.2 4.4 -1.2
v -1 4.4 -1.2
v 1.2 4.4 -1.2
v 1.4 4.4 -1.2
v 1.6 4.4 -1.2
v -1.4 4.4 -1.4
v -1.2 4.4 -1.4
v -1 4.4 -1.4
v -0.8 4.4 -1.4
v -0.6 4.4 -1.4
v -0.4 4.4 -1.4
v -0.2 4.4 -1.4
v 0 4.4 -1.4
v 0.2 4.4 -1.4
v 0.6 4.4 -1.4
v 0.8 4.4 -1.4
v 1 4.4 -1.4
v 1.2 4.4 -1.4
v 1.4 4.4 -1.4
v 1.6 4.4 -1.4
v -1.2 4.4 -1.6
v -1 4.4 -1.6
v -0.8 4.4 -1.6
v -0.6 4.4 -1.6
v -0.4 4.4 -1.6
v -0.2 4.4 -1.6
v 0 4.4 -1.6
v 0.2 4.4 -1.6
v 0.6 4.4 -1.6
v 0.8 4.4 -1.6
v 1 4.4 -1.6
v 1.2 4.4 -1.6
v 1.4 4.4 -1.6
v -1 4.4 -1.8
v -0.8 4.4 -1.8
v 1 4.4 -1.8
v 1.2 4.4 -1.8
v -0.8 4.6 1.2
v -0.6 4.6 1.2
v 0.8 4.6 1.2
v 1 4.6 1.2
v -1 4.6 1
v -0.8 4.6 1
v -0.6 4.6 1
v -0.4 4.6 1
v 0 4.6 1
v 0.2 4.6 1
v 0.6 4.6 1
v 0.8 4.6 1
v 1 4.6 1
v 1.2 4.6 1
v -1.2 4.6 0.8
v -1 4.6 0.8
v -0.8 4.6 0.8
v -0.6 4.6 0.8
v -0.4 4.6 0.8
v 0 4.6 0.8
v 0.2 4.6 0.8
v 0.6 4.6 0.8
v 0.8 4.6 0.8
v 1 4.6 0.8
v 1.2 4.6 0.8
v 1.4 4.6 0.8
v -1.2 4.6 0.6
v -1 4.6 0.6
v -0.8 4.6 0.6
v 1 4.6 0.6
v 1.2 4.6 0.6
v 1.4 4.6 0.6
v -1 4.6 0.4
v -0.8 4.6 0.4
v 1 4.6 0.4
v 1.2 4.6 0.4
v -0.8 4.6 0.2
v 1 4.6 0.2
v -1 4.6 0
v -0.8 4.6 0
v 1 4.6 0
v 1.2 4.6 0
v -1 4.6 -0.4
v -0.8 4.6 -0.4
v 1 4.6 -0.4
v 1.2 4.6 -0.4
v -0.8 4.6 -0.6
v 1 4.6 -0.6
v -1 4.6 -0.8
v -0.8 4.6 -0.8
v 1 4.6 -0.8
v 1.2 4.6 -0.8
v -1.2 4.6 -1
v -1 4.6 -1
v -0.8 4.6 -1
v 1 4.6 -1
v 1.2 4.6 -1
v 1.4 4.6 -1
v -1.2 4.6 -1.2
v -1 4.6 -1.2
v -0.8 4.6 -1.2
v -0.6 4.6 -1.2
v -0.4 4.6 -1.2
v -0.2 4.6 -1.2
v 0 4.6 -1.2
v 0.2 4.6 -1.2
v 0.4 4.6 -1.2
v 0.6 4.6 -1.2
v 0.8 4.6 -1.2
v 1 4.6 -1.2
v 1.2 4.6 -1.2
v 1.4 4.6 -1.2
v -1 4.6 -1.4
v -0.8 4.6 -1.4
v -0.6 4.6 -1.4
v -0.4 4.6 -1.4
v 0 4.6 -1.4
v 0.2 4.6 -1.4
v 0.6 4.6 -1.4
v 0.8 4.6 -1.4
v 1 4.6 -1.4
v 1.2 4.6 -1.4
v -0.8 4.6 -1.6
v -0.6 4.6 -1.6
v 0.8 4.6 -1.6
v 1 4.6 -1.6
v -0.6 4.8 1
v -0.4 4.8 1
v 0.6 4.8 1
v 0.8 4.8 1
v -0.8 4.8 0.8
v -0.6 4.8 0.8
v -0.4 4.8 0.8
v 0 4.8 0.8
v 0.2 4.8 0.8
v 0.6 4.8 0.8
v 0.8 4.8 0.8
v 1 4.8 0.8
v -1 4.8 0.6
v -0.8 4.8 0.6
v -0.6 4.8 0.6
v -0.4 4.8 0.6
v -0.2 4.8 0.6
v 0 4.8 0.6
v 0.2 4.8 0.6
v 0.4 4.8 0.6
v 0.6 4.8 0.6
v 0.8 4.8 0.6
v 1 4.8 0.6
v 1.2 4.8 0.6
v -1 4.8 0.4
v -0.8 4.8 0.4
v -0.6 4.8 0.4
v 0.8 4.8 0.4
v 1 4.8 0.4
v 1.2 4.8 0.4
v -0.8 4.8 0.2
v -0.6 4.8 0.2
v 0.8 4.8 0.2
v 1 4.8 0.2
v -0.8 4.8 -0.6
v -0.6 4.8 -0.6
v 0.8 4.8 -0.6
v 1 4.8 -0.6
v -1 4.8 -0.8
v -0.8 4.8 -0.8
v -0.6 4.8 -0.8
v 0.8 4.8 -0.8
v 1 4.8 -0.8
v 1.2 4.8 -0.8
v -1 4.8 -1
v -0.8 4.8 -1
v -0.6 4.8 -1
v -0.4 4.8 -1
v -0.2 4.8 -1
v 0.4 4.8 -1
v 0.6 4.8 -1
v 0.8 4.8 -1
v 1 4.8 -1
v 1.2 4.8 -1
v -0.8 4.8 -1.2
v -0.6 4.8 -1.2
v -0.4 4.8 -1.2
v -0.2 4.8 -1.2
v 0.4 4.8 -1.2
v 0.6 4.8 -1.2
v 0.8 4.8 -1.2
v 1 4.8 -1.2
v -0.6 4.8 -1.4
v -0.4 4.8 -1.4
v 0.6 4.8 -1.4
v 0.8 4.8 -1.4
v -0.6 5 0.8
v -0.4 5 0.8
v 0.6 5 0.8
v 0.8 5 0.8
v -0.8 5 0.6
v -0.6 5 0.6
v -0.4 5 0.6
v -0.2 5 0.6
v 0.4 5 0.6
v 0.6 5 0.6
v 0.8 5 0.6
v 1 5 0.6
v -0.8 5 0.4
v -0.6 5 0.4
v -0.4 5 0.4
v -0.2 5 0.4
v 0.4 5 0.4
v 0.6 5 0.4
v 0.8 5 0.4
v 1 5 0.4
v -0.8 5 -0.8
v -0.6 5 -0.8
v -0.4 5 -0.8
v 0.6 5 -0.8
v 0.8 5 -0.8
v 1 5 -0.8
v -0.8 5 -1
v -0.6 5 -1
v -0.4 5 -1
v 0.6 5 -1
v 0.8 5 -1
v 1 5 -1
v -0.6 5 -1.2
v -0.4 5 -1.2
v 0.6 5 -1.2
v 0.8 5 -1.2
v -0.6 5.2 0.6
v -0.4 5.2 0.6
v 0.6 5.2 0.6
v 0.8 5.2 0.6
v -0.6 5.2 0.4
v -0.4 5.2 0.4
v 0.6 5.2 0.4
v 0.8 5.2 0.4
v -0.2 5.2 0.2
v 0.4 5.2 0.2
v -0.2 5.2 -0.6
v 0.4 5.2 -0.6
v -0.6 5.2 -0.8
v -0.4 5.2 -0.8
v 0.6 5.2 -0.8
v 0.8 5.2 -0.8
v -0.6 5.2 -1
v -0.4 5.2 -1
v 0.6 5.2 -1
v 0.8 5.2 -1
v -0.2 5.4 0.2
v 0.4 5.4 0.2
v 0 5.4 0
v 0.2 5.4 0
v 0 5.4 -0.4
v 0.2 5.4 -0.4
v -0.2 5.4 -0.6
v 0.4 5.4 -0.6
v 0 5.6 0
v 0.2 5.6 0
v 0 5.6 -0.4
v 0.2 5.6 -0.4

# faces
f 5/8/1 2/8/1 1/8/1
f 6/8/1 2/8/1 5/8/1
f 7/8/1 4/8/1 3/8/1
f 8/8/1 4/8/1 7/8/1
f 9/7/1 6/7/1 5/7/1
f 10/7/1 6/7/1 9/7/1
f 11/1/1 10/1/1 9/1/1
f 12/1/1 10/1/1 11/1/1
f 13/7/1 8/7/1 7/7/1
f 14/7/1 8/7/1 13/7/1
f 19/1/1 18/1/1 17/1/1
f 20/1/1 18/1/1 19/1/1
f 21/1/1 16/1/1 15/1/1
f 22/1/1 16/1/1 21/1/1
f 23/7/1 20/7/1 19/7/1
f 24/7/1 20/7/1 23/7/1
f 31/8/1 26/8/1 25/8/1
f 32/8/1 26/8/1 31/8/1
f 37/8/1 28/8/1 27/8/1
f 38/8/1 28/8/1 37/8/1
f 41/7/1 30/7/1 29/7/1
f 42/7/1 32/7/1 31/7/1
f 43/1/1 33/1/1 32/1/1
f 43/7/1 32/7/1 42/7/1
f 44/3/1 34/3/1 33/3/1
f 44/1/1 33/1/1 43/1/1
f 45/1/1 35/1/1 34/1/1
f 45/3/1 34/3/1 44/3/1
f 46/2/1 36/2/1 35/2/1
f 46/1/1 35/1/1 45/1/1
f 47/2/1 36/2/1 46/2/1
f 48/1/1 37/1/1 36/1/1
f 48/7/1 38/7/1 37/7/1
f 49/7/1 38/7/1 48/7/1
f 50/7/1 40/7/1 39/7/1
f 51/7/1 41/7/1 29/7/1
f 52/7/1 41/7/1 51/7/1
f 53/1/1 45/1/1 44/1/1
f 53/1/1 43/1/1 42/1/1
f 53/1/1 44/1/1 43/1/1
f 53/1/1 47/1/1 46/1/1
f 53/1/1 46/1/1 45/1/1
f 54/1/1 47/1/1 53/1/1
f 55/1/1 52/1/1 51/1/1
f 56/1/1 53/1/1 42/1/1
f 57/1/1 53/1/1 56/1/1
f 58/1/1 47/1/1 54/1/1
f 59/1/1 49/1/1 48/1/1
f 59/2/1 36/2/1 47/2/1
f 59/1/1 48/1/1 36/1/1
f 60/1/1 49/1/1 59/1/1
f 61/7/1 40/7/1 50/7/1
f 62/7/1 40/7/1 61/7/1
f 63/1/1 55/1/1 51/1/1
f 64/1/1 55/1/1 63/1/1
f 65/1/1 58/1/1 57/1/1
f 65/1/1 57/1/1 56/1/1
f 66/1/1 47/1/1 58/1/1
f 66/1/1 58/1/1 65/1/1
f 67/2/1 59/2/1 47/2/1
f 67/1/1 47/1/1 66/1/1
f 67/2/1 60/2/1 59/2/1
f 68/1/1 49/1/1 60/1/1
f 68/2/1 60/2/1 67/2/1
f 69/1/1 49/1/1 68/1/1
f 70/1/1 62/1/1 61/1/1
f 71/3/1 64/3/1 63/3/1
f 72/1/1 65/1/1 64/1/1
f 72/3/1 64/3/1 71/3/1
f 72/1/1 66/1/1 65/1/1
f 73/1/1 66/1/1 72/1/1
f 74/1/1 66/1/1 73/1/1
f 75/1/1 66/1/1 74/1/1
f 76/1/1 66/1/1 75/1/1
f 77/2/1 70/2/1 69/2/1
f 77/2/1 69/2/1 68/2/1
f 77/2/1 68/2/1 67/2/1
f 78/1/1 75/1/1 74/1/1
f 78/2/1 74/2/1 73/2/1
f 79/2/1 76/2/1 75/2/1
f 79/1/1 75/1/1 78/1/1
f 79/2/1 77/2/1 76/2/1
f 80/2/1 70/2/1 77/2/1
f 80/2/1 77/2/1 79/2/1
f 81/1/1 62/1/1 70/1/1
f 81/2/1 70/2/1 80/2/1
f 82/2/1 78/2/1 73/2/1
f 82/2/1 80/2/1 79/2/1
f 82/2/1 79/2/1 78/2/1
f 82/1/1 73/1/1 72/1/1
f 82/1/1 72/1/1 71/1/1
f 83/2/1 80/2/1 82/2/1
f 84/1/1 82/1/1 71/1/1
f 85/2/1 80/2/1 83/2/1
f 86/2/1 80/2/1 85/2/1
f 87/1/1 81/1/1 80/1/1
f 87/2/1 80/2/1 86/2/1
f 88/2/1 86/2/1 85/2/1
f 88/2/1 85/2/1 84/2/1
f 88/1/1 87/1/1 86/1/1
f 89/1/1 81/1/1 87/1/1
f 89/1/1 87/1/1 88/1/1
f 90/1/1 84/1/1 71/1/1
f 91/1/1 84/1/1 90/1/1
f 92/2/1 88/2/1 84/2/1
f 92/2/1 89/2/1 88/2/1
f 93/1/1 81/1/1 89/1/1
f 93/2/1 89/2/1 92/2/1
f 94/1/1 81/1/1 93/1/1
f 95/1/1 81/1/1 94/1/1
f 96/1/1 62/1/1 81/1/1
f 96/1/1 81/1/1 95/1/1
f 97/1/1 95/1/1 94/1/1
f 98/1/1 95/1/1 97/1/1
f 99/2/1 92/2/1 84/2/1
f 100/2/1 92/2/1 99/2/1
f 101/2/1 98/2/1 97/2/1
f 102/2/1 98/2/1 101/2/1
f 103/1/1 90/1/1 71/1/1
f 104/1/1 90/1/1 103/1/1
f 105/1/1 84/1/1 91/1/1
f 106/1/1 84/1/1 105/1/1
f 107/2/1 99/2/1 84/2/1
f 107/1/1 84/1/1 106/1/1
f 108/2/1 99/2/1 107/2/1
f 109/4/1 100/4/1 99/4/1
f 112/2/1 101/2/1 97/2/1
f 113/7/1 102/7/1 101/7/1
f 113/2/1 101/2/1 112/2/1
f 114/7/1 102/7/1 113/7/1
f 115/1/1 62/1/1 96/1/1
f 116/7/1 104/7/1 103/7/1
f 117/7/1 104/7/1 116/7/1
f 118/4/1 106/4/1 105/4/1
f 119/7/1 107/7/1 106/7/1
f 119/4/1 106/4/1 118/4/1
f 119/7/1 108/7/1 107/7/1
f 120/2/1 99/2/1 108/2/1
f 120/7/1 108/7/1 119/7/1
f 121/4/1 109/4/1 99/4/1
f 121/2/1 99/2/1 120/2/1
f 121/4/1 110/4/1 109/4/1
f 122/7/1 111/7/1 110/7/1
f 122/4/1 110/4/1 121/4/1
f 123/2/1 112/2/1 111/2/1
f 123/7/1 111/7/1 122/7/1
f 124/7/1 113/7/1 112/7/1
f 124/2/1 112/2/1 123/2/1
f 125/2/1 114/2/1 113/2/1
f 125/7/1 113/7/1 124/7/1
f 126/2/1 114/2/1 125/2/1
f 127/1/1 62/1/1 115/1/1
f 128/1/1 62/1/1 127/1/1
f 129/7/1 119/7/1 118/7/1
f 130/7/1 119/7/1 129/7/1
f 131/7/1 126/7/1 125/7/1
f 132/7/1 126/7/1 131/7/1
f 139/8/1 134/8/1 133/8/1
f 140/8/1 134/8/1 139/8/1
f 144/8/1 136/8/1 135/8/1
f 145/8/1 136/8/1 144/8/1
f 150/7/1 138/7/1 137/7/1
f 151/7/1 138/7/1 150/7/1
f 152/7/1 140/7/1 139/7/1
f 153/3/1 141/3/1 140/3/1
f 153/7/1 140/7/1 152/7/1
f 154/3/1 141/3/1 153/3/1
f 155/1/1 142/1/1 141/1/1
f 155/3/1 141/3/1 154/3/1
f 156/3/1 143/3/1 142/3/1
f 156/1/1 142/1/1 155/1/1
f 157/7/1 144/7/1 143/7/1
f 157/3/1 143/3/1 156/3/1
f 157/7/1 145/7/1 144/7/1
f 158/7/1 145/7/1 157/7/1
f 159/7/1 145/7/1 158/7/1
f 160/7/1 147/7/1 146/7/1
f 161/7/1 147/7/1 160/7/1
f 164/8/1 149/8/1 148/8/1
f 165/8/1 149/8/1 164/8/1
f 166/8/1 163/8/1 162/8/1
f 167/8/1 163/8/1 166/8/1
f 168/7/1 165/7/1 164/7/1
f 169/7/1 167/7/1 166/7/1
f 170/7/1 167/7/1 169/7/1
f 171/7/1 168/7/1 164/7/1
f 172/7/1 168/7/1 171/7/1
f 173/2/1 170/2/1 169/2/1
f 174/2/1 170/2/1 173/2/1
f 179/2/1 178/2/1 177/2/1
f 180/2/1 178/2/1 179/2/1
f 181/1/1 176/1/1 175/1/1
f 182/1/1 176/1/1 181/1/1
f 183/7/1 182/7/1 181/7/1
f 184/7/1 182/7/1 183/7/1
f 199/7/1 180/7/1 179/7/1
f 200/7/1 180/7/1 199/7/1
f 201/8/1 186/8/1 185/8/1
f 202/8/1 186/8/1 201/8/1
f 203/7/1 188/7/1 187/7/1
f 204/8/1 189/8/1 188/8/1
f 204/7/1 188/7/1 203/7/1
f 205/7/1 190/7/1 189/7/1
f 205/8/1 189/8/1 204/8/1
f 205/7/1 191/7/1 190/7/1
f 206/8/1 192/8/1 191/8/1
f 206/7/1 191/7/1 205/7/1
f 207/7/1 193/7/1 192/7/1
f 207/8/1 192/8/1 206/8/1
f 207/7/1 194/7/1 193/7/1
f 207/7/1 195/7/1 194/7/1
f 208/2/1 196/2/1 195/2/1
f 208/7/1 195/7/1 207/7/1
f 209/2/1 196/2/1 208/2/1
f 210/8/1 198/8/1 197/8/1
f 211/8/1 198/8/1 210/8/1
f 212/7/1 204/7/1 203/7/1
f 213/7/1 204/7/1 212/7/1
f 214/7/1 209/7/1 208/7/1
f 215/7/1 209/7/1 214/7/1
f 222/8/1 217/8/1 216/8/1
f 223/8/1 217/8/1 222/8/1
f 225/8/1 219/8/1 218/8/1
f 226/8/1 219/8/1 225/8/1
f 231/7/1 221/7/1 220/7/1
f 232/7/1 221/7/1 231/7/1
f 233/7/1 223/7/1 222/7/1
f 234/1/1 224/1/1 223/1/1
f 234/7/1 223/7/1 233/7/1
f 235/1/1 224/1/1 234/1/1
f 236/7/1 225/7/1 224/7/1
f 236/1/1 224/1/1 235/1/1
f 236/7/1 226/7/1 225/7/1
f 237/7/1 226/7/1 236/7/1
f 238/7/1 226/7/1 237/7/1
f 239/7/1 226/7/1 238/7/1
f 240/7/1 228/7/1 227/7/1
f 241/7/1 228/7/1 240/7/1
f 244/8/1 230/8/1 229/8/1
f 245/8/1 230/8/1 244/8/1
f 246/8/1 243/8/1 242/8/1
f 247/8/1 243/8/1 246/8/1
f 252/2/1 249/2/1 248/2/1
f 253/2/1 249/2/1 252/2/1
f 256/7/1 251/7/1 250/7/1
f 257/7/1 251/7/1 256/7/1
f 258/6/1 255/6/1 254/6/1
f 259/6/1 255/6/1 258/6/1
f 262/6/1 261/6/1 260/6/1
f 263/6/1 261/6/1 262/6/1
f 266/6/1 265/6/1 264/6/1
f 267/6/1 265/6/1 266/6/1
f 270/6/1 269/6/1 268/6/1
f 271/6/1 269/6/1 270/6/1
f 276/7/1 273/7/1 272/7/1
f 277/7/1 273/7/1 276/7/1
f 289/7/1 275/7/1 274/7/1
f 290/7/1 275/7/1 289/7/1
f 291/8/1 279/8/1 278/8/1
f 292/8/1 279/8/1 291/8/1
f 293/8/1 281/8/1 280/8/1
f 294/7/1 282/7/1 281/7/1
f 294/8/1 281/8/1 293/8/1
f 295/8/1 283/8/1 282/8/1
f 295/7/1 282/7/1 294/7/1
f 295/8/1 284/8/1 283/8/1
f 296/7/1 285/7/1 284/7/1
f 296/8/1 284/8/1 295/8/1
f 297/4/1 286/4/1 285/4/1
f 297/7/1 285/7/1 296/7/1
f 298/4/1 286/4/1 297/4/1
f 299/8/1 288/8/1 287/8/1
f 300/8/1 288/8/1 299/8/1
f 301/8/1 294/8/1 293/8/1
f 302/8/1 294/8/1 301/8/1
f 303/7/1 298/7/1 297/7/1
f 304/7/1 298/7/1 303/7/1
f 310/8/1 306/8/1 305/8/1
f 311/7/1 307/7/1 306/7/1
f 311/8/1 306/8/1 310/8/1
f 312/8/1 308/8/1 307/8/1
f 312/7/1 307/7/1 311/7/1
f 313/8/1 308/8/1 312/8/1
f 317/7/1 310/7/1 309/7/1
f 318/7/1 310/7/1 317/7/1
f 319/7/1 312/7/1 311/7/1
f 320/7/1 312/7/1 319/7/1
f 321/7/1 312/7/1 320/7/1
f 322/7/1 314/7/1 313/7/1
f 323/7/1 314/7/1 322/7/1
f 326/8/1 316/8/1 315/8/1
f 327/8/1 316/8/1 326/8/1
f 328/8/1 325/8/1 324/8/1
f 329/8/1 325/8/1 328/8/1
f 334/7/1 331/7/1 330/7/1
f 335/7/1 331/7/1 334/7/1
f 346/7/1 333/7/1 332/7/1
f 347/7/1 333/7/1 346/7/1
f 348/8/1 337/8/1 336/8/1
f 349/8/1 337/8/1 348/8/1
f 350/7/1 339/7/1 338/7/1
f 351/8/1 340/8/1 339/8/1
f 351/8/1 341/8/1 340/8/1
f 351/7/1 339/7/1 350/7/1
f 351/8/1 342/8/1 341/8/1
f 352/7/1 343/7/1 342/7/1
f 352/8/1 342/8/1 351/8/1
f 353/7/1 343/7/1 352/7/1
f 354/8/1 345/8/1 344/8/1
f 355/8/1 345/8/1 354/8/1
f 356/8/1 350/8/1 349/8/1
f 357/8/1 350/8/1 356/8/1
f 358/7/1 354/7/1 353/7/1
f 359/7/1 354/7/1 358/7/1
f 366/8/1 361/8/1 360/8/1
f 367/7/1 362/7/1 361/7/1
f 367/8/1 361/8/1 366/8/1
f 368/8/1 363/8/1 362/8/1
f 368/7/1 362/7/1 367/7/1
f 369/8/1 363/8/1 368/8/1
f 372/8/1 365/8/1 364/8/1
f 373/8/1 365/8/1 372/8/1
f 374/8/1 370/8/1 369/8/1
f 375/8/1 370/8/1 374/8/1
f 377/8/1 372/8/1 371/8/1
f 378/8/1 372/8/1 377/8/1
f 379/8/1 376/8/1 375/8/1
f 380/8/1 376/8/1 379/8/1
f 384/5/1 382/5/1 381/5/1
f 385/2/1 383/2/1 382/2/1
f 385/5/1 382/5/1 384/5/1
f 386/2/1 383/2/1 385/2/1
f 391/8/1 388/8/1 387/8/1
f 392/8/1 388/8/1 391/8/1
f 399/7/1 390/7/1 389/7/1
f 400/7/1 390/7/1 399/7/1
f 401/8/1 393/8/1 392/8/1
f 402/8/1 393/8/1 401/8/1
f 403/8/1 397/8/1 396/8/1
f 403/8/1 395/8/1 394/8/1
f 403/8/1 396/8/1 395/8/1
f 404/8/1 397/8/1 403/8/1
f 405/7/1 399/7/1 398/7/1
f 406/7/1 399/7/1 405/7/1
f 407/8/1 403/8/1 402/8/1
f 408/8/1 403/8/1 407/8/1
f 409/8/1 405/8/1 404/8/1
f 410/8/1 405/8/1 409/8/1
f 414/8/1 412/8/1 411/8/1
f 415/8/1 412/8/1 414/8/1
f 416/8/1 412/8/1 415/8/1
f 417/8/1 412/8/1 416/8/1
f 419/8/1 414/8/1 413/8/1
f 420/8/1 414/8/1 419/8/1
f 421/8/1 418/8/1 417/8/1
f 422/8/1 418/8/1 421/8/1
f 426/1/1 424/1/1 423/1/1
f 427/5/1 425/5/1 424/5/1
f 427/1/1 424/1/1 426/1/1
f 428/5/1 425/5/1 427/5/1
f 431/8/1 430/8/1 429/8/1
f 432/8/1 430/8/1 431/8/1
f 436/5/1 434/5/1 433/5/1
f 437/5/1 434/5/1 436/5/1
f 438/9/1 435/9/1 434/9/1
f 438/5/1 434/5/1 437/5/1
f 439/9/1 435/9/1 438/9/1
f 443/2/1 441/2/1 440/2/1
f 444/5/1 442/5/1 441/5/1
f 444/2/1 441/2/1 443/2/1
f 445/5/1 442/5/1 444/5/1
f 448/8/1 447/8/1 446/8/1
f 449/8/1 447/8/1 448/8/1
f 453/5/1 451/5/1 450/5/1
f 454/1/1 452/1/1 451/1/1
f 454/5/1 451/5/1 453/5/1
f 455/1/1 452/1/1 454/1/1
f 458/8/1 457/8/1 456/8/1
f 459/8/1 457/8/1 458/8/1
f 463/1/1 461/1/1 460/1/1
f 464/5/1 462/5/1 461/5/1
f 464/1/1 461/1/1 463/1/1
f 465/5/1 462/5/1 464/5/1
f 470/8/1 467/8/1 466/8/1
f 471/8/1 467/8/1 470/8/1
f 472/8/1 469/8/1 468/8/1
f 473/8/1 469/8/1 472/8/1
f 478/8/1 475/8/1 474/8/1
f 479/8/1 475/8/1 478/8/1
f 482/8/1 477/8/1 476/8/1
f 483/8/1 477/8/1 482/8/1
f 484/8/1 480/8/1 479/8/1
f 485/8/1 480/8/1 484/8/1
f 488/8/1 482/8/1 481/8/1
f 489/8/1 482/8/1 488/8/1
f 490/8/1 486/8/1 485/8/1
f 491/8/1 486/8/1 490/8/1
f 492/8/1 488/8/1 487/8/1
f 493/8/1 488/8/1 492/8/1
f 498/8/1 495/8/1 494/8/1
f 499/8/1 495/8/1 498/8/1
f 500/8/1 497/8/1 496/8/1
f 501/8/1 497/8/1 500/8/1
f 504/5/1 503/5/1 502/5/1
f 505/5/1 503/5/1 504/5/1
f 509/2/1 507/2/1 506/2/1
f 510/5/1 508/5/1 507/5/1
f 510/2/1 507/2/1 509/2/1
f 511/5/1 508/5/1 510/5/1
f 516/7/1 513/7/1 512/7/1
f 517/7/1 513/7/1 516/7/1
f 518/7/1 515/7/1 514/7/1
f 519/7/1 515/7/1 518/7/1
f 524/8/1 521/8/1 520/8/1
f 525/8/1 521/8/1 524/8/1
f 526/8/1 523/8/1 522/8/1
f 527/8/1 523/8/1 526/8/1
f 532/2/1 529/2/1 528/2/1
f 533/1/1 530/1/1 529/1/1
f 533/2/1 529/2/1 532/2/1
f 534/5/1 531/5/1 530/5/1
f 534/1/1 530/1/1 533/1/1
f 535/5/1 531/5/1 534/5/1
f 539/5/1 537/5/1 536/5/1
f 540/2/1 538/2/1 537/2/1
f 540/5/1 537/5/1 539/5/1
f 541/2/1 538/2/1 540/2/1
f 546/7/1 543/7/1 542/7/1
f 547/7/1 543/7/1 546/7/1
f 548/7/1 545/7/1 544/7/1
f 549/7/1 545/7/1 548/7/1
f 554/8/1 551/8/1 550/8/1
f 555/8/1 551/8/1 554/8/1
f 556/8/1 553/8/1 552/8/1
f 557/8/1 553/8/1 556/8/1
f 558/7/1 557/7/1 556/7/1
f 559/7/1 557/7/1 558/7/1
f 560/7/1 555/7/1 554/7/1
f 561/7/1 555/7/1 560/7/1
f 562/2/1 559/2/1 558/2/1
f 563/1/1 561/1/1 560/1/1
f 564/1/1 561/1/1 563/1/1
f 565/2/1 559/2/1 562/2/1
f 566/2/1 559/2/1 565/2/1
f 571/2/1 570/2/1 569/2/1
f 572/2/1 570/2/1 571/2/1
f 573/7/1 572/7/1 571/7/1
f 574/7/1 572/7/1 573/7/1
f 575/1/1 568/1/1 567/1/1
f 576/1/1 575/1/1 567/1/1
f 577/1/1 575/1/1 576/1/1
f 578/2/1 574/2/1 573/2/1
f 579/2/1 574/2/1 578/2/1
f 591/7/1 581/7/1 580/7/1
f 592/7/1 581/7/1 591/7/1
f 593/7/1 583/7/1 582/7/1
f 594/2/1 584/2/1 583/2/1
f 594/7/1 583/7/1 593/7/1
f 595/2/1 584/2/1 594/2/1
f 596/2/1 584/2/1 595/2/1
f 597/1/1 586/1/1 585/1/1
f 598/1/1 586/1/1 597/1/1
f 599/1/1 586/1/1 598/1/1
f 600/3/1 587/3/1 586/3/1
f 600/1/1 586/1/1 599/1/1
f 601/7/1 588/7/1 587/7/1
f 601/3/1 587/3/1 600/3/1
f 602/7/1 588/7/1 601/7/1
f 603/4/1 590/4/1 589/4/1
f 604/4/1 590/4/1 603/4/1
f 608/1/1 606/1/1 605/1/1
f 609/7/1 607/7/1 606/7/1
f 609/1/1 606/1/1 608/1/1
f 610/7/1 607/7/1 609/7/1
f 615/7/1 612/7/1 611/7/1
f 616/7/1 612/7/1 615/7/1
f 617/7/1 614/7/1 613/7/1
f 618/7/1 614/7/1 617/7/1
f 619/7/2 620/7/2 623/7/2
f 623/7/2 620/7/2 624/7/2
f 621/7/2 622/7/2 625/7/2
f 625/7/2 622/7/2 626/7/2
f 627/7/2 628/7/2 638/7/2
f 638/7/2 628/7/2 639/7/2
f 629/1/2 630/1/2 640/1/2
f 640/1/2 630/1/2 641/1/2
f 641/1/2 630/1/2 642/1/2
f 631/1/2 632/1/2 643/1/2
f 632/1/2 633/1/2 643/1/2
f 643/1/2 633/1/2 644/1/2
f 633/2/2 634/2/2 645/2/2
f 644/1/2 633/1/2 645/1/2
f 634/1/2 635/1/2 646/1/2
f 645/2/2 634/2/2 646/2/2
f 646/1/2 635/1/2 647/1/2
f 636/7/2 637/7/2 648/7/2
f 648/7/2 637/7/2 649/7/2
f 650/8/2 651/8/2 654/8/2
f 654/8/2 651/8/2 655/8/2
f 652/8/2 653/8/2 656/8/2
f 656/8/2 653/8/2 657/8/2
f 654/7/2 655/7/2 658/7/2
f 656/7/2 657/7/2 659/7/2
f 659/7/2 657/7/2 660/7/2
f 660/7/2 657/7/2 661/7/2
f 654/7/2 658/7/2 662/7/2
f 662/7/2 658/7/2 663/7/2
f 660/2/2 661/2/2 664/2/2
f 664/2/2 661/2/2 665/2/2
f 666/1/2 667/1/2 670/1/2
f 667/5/2 668/5/2 671/5/2
f 670/1/2 667/1/2 671/1/2
f 671/5/2 668/5/2 672/5/2
f 669/1/2 670/1/2 675/1/2
f 669/1/2 675/1/2 676/1/2
f 673/2/2 674/2/2 677/2/2
f 677/2/2 674/2/2 678/2/2
f 669/1/2 676/1/2 679/1/2
f 679/1/2 676/1/2 680/1/2
f 677/7/2 678/7/2 681/7/2
f 679/7/2 680/7/2 682/7/2
f 682/7/2 680/7/2 683/7/2
f 681/7/2 678/7/2 684/7/2
f 684/7/2 678/7/2 685/7/2
f 686/8/2 687/8/2 690/8/2
f 690/8/2 687/8/2 691/8/2
f 688/8/2 689/8/2 692/8/2
f 692/8/2 689/8/2 693/8/2
f 694/5/2 695/5/2 697/5/2
f 695/2/2 696/2/2 698/2/2
f 697/5/2 695/5/2 698/5/2
f 698/2/2 696/2/2 699/2/2
f 700/7/2 701/7/2 704/7/2
f 704/7/2 701/7/2 705/7/2
f 702/7/2 703/7/2 706/7/2
f 706/7/2 703/7/2 707/7/2
f 708/8/2 709/8/2 712/8/2
f 712/8/2 709/8/2 713/8/2
f 710/8/2 711/8/2 714/8/2
f 714/8/2 711/8/2 715/8/2
f 716/5/2 717/5/2 721/5/2
f 721/5/2 717/5/2 722/5/2
f 718/1/2 719/1/2 723/1/2
f 719/5/2 720/5/2 724/5/2
f 723/1/2 719/1/2 724/1/2
f 724/5/2 720/5/2 725/5/2
f 726/7/2 727/7/2 730/7/2
f 730/7/2 727/7/2 731/7/2
f 728/7/2 729/7/2 732/7/2
f 732/7/2 729/7/2 733/7/2
f 734/8/2 735/8/2 738/8/2
f 738/8/2 735/8/2 739/8/2
f 736/8/2 737/8/2 740/8/2
f 740/8/2 737/8/2 741/8/2
f 742/8/2 743/8/2 746/8/2
f 746/8/2 743/8/2 747/8/2
f 744/7/2 745/7/2 750/7/2
f 750/7/2 745/7/2 751/7/2
f 747/8/2 748/8/2 752/8/2
f 752/8/2 748/8/2 753/8/2
f 749/7/2 750/7/2 756/7/2
f 756/7/2 750/7/2 757/7/2
f 753/8/2 754/8/2 758/8/2
f 758/8/2 754/8/2 759/8/2
f 755/8/2 756/8/2 760/8/2
f 760/8/2 756/8/2 761/8/2
f 762/5/2 763/5/2 765/5/2
f 763/3/2 764/3/2 766/3/2
f 765/5/2 763/5/2 766/5/2
f 766/3/2 764/3/2 767/3/2
f 768/1/2 769/1/2 771/1/2
f 769/5/2 770/5/2 772/5/2
f 771/1/2 769/1/2 772/1/2
f 772/5/2 770/5/2 773/5/2
f 774/2/2 775/2/2 777/2/2
f 775/5/2 776/5/2 778/5/2
f 777/2/2 775/2/2 778/2/2
f 778/5/2 776/5/2 779/5/2
f 780/8/2 781/8/2 782/8/2
f 782/8/2 781/8/2 783/8/2
f 784/5/2 785/5/2 788/5/2
f 786/9/2 787/9/2 789/9/2
f 788/5/2 785/5/2 789/5/2
f 785/9/2 786/9/2 789/9/2
f 789/9/2 787/9/2 790/9/2
f 790/9/2 787/9/2 791/9/2
f 792/5/2 793/5/2 795/5/2
f 793/1/2 794/1/2 796/1/2
f 795/5/2 793/5/2 796/5/2
f 796/1/2 794/1/2 797/1/2
f 798/8/2 799/8/2 800/8/2
f 800/8/2 799/8/2 801/8/2
f 802/8/2 803/8/2 805/8/2
f 805/8/2 803/8/2 806/8/2
f 806/8/2 803/8/2 807/8/2
f 807/8/2 803/8/2 808/8/2
f 804/8/2 805/8/2 810/8/2
f 810/8/2 805/8/2 811/8/2
f 808/8/2 809/8/2 812/8/2
f 812/8/2 809/8/2 813/8/2
f 814/8/2 815/8/2 816/8/2
f 816/8/2 815/8/2 817/8/2
f 818/8/2 819/8/2 824/8/2
f 819/7/2 820/7/2 825/7/2
f 824/8/2 819/8/2 825/8/2
f 820/8/2 821/8/2 826/8/2
f 825/7/2 820/7/2 826/7/2
f 826/8/2 821/8/2 827/8/2
f 822/8/2 823/8/2 830/8/2
f 830/8/2 823/8/2 831/8/2
f 827/8/2 828/8/2 832/8/2
f 832/8/2 828/8/2 833/8/2
f 829/8/2 830/8/2 835/8/2
f 835/8/2 830/8/2 836/8/2
f 833/8/2 834/8/2 837/8/2
f 837/8/2 834/8/2 838/8/2
f 839/2/2 840/2/2 843/2/2
f 840/2/2 841/2/2 843/2/2
f 841/5/2 842/5/2 844/5/2
f 843/2/2 841/2/2 844/2/2
f 844/5/2 842/5/2 845/5/2
f 846/8/2 847/8/2 850/8/2
f 850/8/2 847/8/2 851/8/2
f 848/8/2 849/8/2 858/8/2
f 858/8/2 849/8/2 859/8/2
f 851/8/2 852/8/2 860/8/2
f 860/8/2 852/8/2 861/8/2
f 855/8/2 856/8/2 862/8/2
f 853/8/2 854/8/2 862/8/2
f 854/8/2 855/8/2 862/8/2
f 862/8/2 856/8/2 863/8/2
f 857/8/2 858/8/2 864/8/2
f 864/8/2 858/8/2 865/8/2
f 861/8/2 862/8/2 866/8/2
f 866/8/2 862/8/2 867/8/2
f 863/8/2 864/8/2 868/8/2
f 868/8/2 864/8/2 869/8/2
f 870/8/2 871/8/2 875/8/2
f 871/7/2 872/7/2 876/7/2
f 875/8/2 871/8/2 876/8/2
f 872/8/2 873/8/2 877/8/2
f 876/7/2 872/7/2 877/7/2
f 877/8/2 873/8/2 878/8/2
f 874/7/2 875/7/2 882/7/2
f 882/7/2 875/7/2 883/7/2
f 876/7/2 877/7/2 884/7/2
f 884/7/2 877/7/2 885/7/2
f 885/7/2 877/7/2 886/7/2
f 878/7/2 879/7/2 887/7/2
f 887/7/2 879/7/2 888/7/2
f 880/8/2 881/8/2 891/8/2
f 891/8/2 881/8/2 892/8/2
f 889/8/2 890/8/2 893/8/2
f 893/8/2 890/8/2 894/8/2
f 895/7/2 896/7/2 899/7/2
f 899/7/2 896/7/2 900/7/2
f 897/7/2 898/7/2 911/7/2
f 911/7/2 898/7/2 912/7/2
f 901/8/2 902/8/2 913/8/2
f 913/8/2 902/8/2 914/8/2
f 903/7/2 904/7/2 915/7/2
f 904/8/2 905/8/2 916/8/2
f 905/8/2 906/8/2 916/8/2
f 915/7/2 904/7/2 916/7/2
f 906/8/2 907/8/2 916/8/2
f 907/7/2 908/7/2 917/7/2
f 916/8/2 907/8/2 917/8/2
f 917/7/2 908/7/2 918/7/2
f 909/8/2 910/8/2 919/8/2
f 919/8/2 910/8/2 920/8/2
f 914/8/2 915/8/2 921/8/2
f 921/8/2 915/8/2 922/8/2
f 918/8/2 919/8/2 923/8/2
f 923/8/2 919/8/2 924/8/2
f 925/8/2 926/8/2 931/8/2
f 931/8/2 926/8/2 932/8/2
f 927/8/2 928/8/2 934/8/2
f 934/8/2 928/8/2 935/8/2
f 929/7/2 930/7/2 940/7/2
f 940/7/2 930/7/2 941/7/2
f 932/7/2 933/7/2 942/7/2
f 931/7/2 932/7/2 942/7/2
f 942/7/2 933/7/2 943/7/2
f 943/7/2 933/7/2 944/7/2
f 933/1/2 934/1/2 945/1/2
f 944/7/2 933/7/2 945/7/2
f 934/7/2 935/7/2 946/7/2
f 945/1/2 934/1/2 946/1/2
f 946/7/2 935/7/2 947/7/2
f 936/7/2 937/7/2 948/7/2
f 948/7/2 937/7/2 949/7/2
f 938/8/2 939/8/2 952/8/2
f 952/8/2 939/8/2 953/8/2
f 950/8/2 951/8/2 954/8/2
f 954/8/2 951/8/2 955/8/2
f 956/2/2 957/2/2 960/2/2
f 960/2/2 957/2/2 961/2/2
f 958/1/2 959/1/2 964/1/2
f 964/1/2 959/1/2 965/1/2
f 962/6/2 963/6/2 966/6/2
f 966/6/2 963/6/2 967/6/2
f 968/6/2 969/6/2 972/6/2
f 972/6/2 969/6/2 973/6/2
f 970/6/2 971/6/2 974/6/2
f 974/6/2 971/6/2 975/6/2
f 976/1/2 977/1/2 981/1/2
f 977/5/2 978/5/2 982/5/2
f 981/1/2 977/1/2 982/1/2
f 982/5/2 978/5/2 983/5/2
f 979/6/2 980/6/2 984/6/2
f 984/6/2 980/6/2 985/6/2
f 986/6/2 987/6/2 988/6/2
f 988/6/2 987/6/2 989/6/2
f 990/6/2 991/6/2 992/6/2
f 992/6/2 991/6/2 993/6/2
f 994/7/2 995/7/2 998/7/2
f 998/7/2 995/7/2 999/7/2
f 996/7/2 997/7/2 1011/7/2
f 1011/7/2 997/7/2 1012/7/2
f 1000/8/2 1001/8/2 1013/8/2
f 1013/8/2 1001/8/2 1014/8/2
f 1002/8/2 1003/8/2 1015/8/2
f 1003/7/2 1004/7/2 1016/7/2
f 1015/8/2 1003/8/2 1016/8/2
f 1004/8/2 1005/8/2 1017/8/2
f 1016/7/2 1004/7/2 1017/7/2
f 1005/8/2 1006/8/2 1017/8/2
f 1006/7/2 1007/7/2 1018/7/2
f 1017/8/2 1006/8/2 1018/8/2
f 1007/8/2 1008/8/2 1019/8/2
f 1018/7/2 1007/7/2 1019/7/2
f 1019/8/2 1008/8/2 1020/8/2
f 1009/8/2 1010/8/2 1021/8/2
f 1021/8/2 1010/8/2 1022/8/2
f 1015/8/2 1016/8/2 1023/8/2
f 1023/8/2 1016/8/2 1024/8/2
f 1019/8/2 1020/8/2 1025/8/2
f 1025/8/2 1020/8/2 1026/8/2
f 1027/8/2 1028/8/2 1033/8/2
f 1033/8/2 1028/8/2 1034/8/2
f 1029/8/2 1030/8/2 1038/8/2
f 1038/8/2 1030/8/2 1039/8/2
f 1031/7/2 1032/7/2 1044/7/2
f 1044/7/2 1032/7/2 1045/7/2
f 1033/7/2 1034/7/2 1046/7/2
f 1034/7/2 1035/7/2 1046/7/2
f 1046/7/2 1035/7/2 1047/7/2
f 1035/2/2 1036/2/2 1048/2/2
f 1047/7/2 1035/7/2 1048/7/2
f 1036/7/2 1037/7/2 1049/7/2
f 1048/2/2 1036/2/2 1049/2/2
f 1037/1/2 1038/1/2 1050/1/2
f 1049/7/2 1037/7/2 1050/7/2
f 1050/1/2 1038/1/2 1051/1/2
f 1038/3/2 1039/3/2 1052/3/2
f 1051/1/2 1038/1/2 1052/1/2
f 1052/3/2 1039/3/2 1053/3/2
f 1040/7/2 1041/7/2 1054/7/2
f 1054/7/2 1041/7/2 1055/7/2
f 1042/8/2 1043/8/2 1058/8/2
f 1058/8/2 1043/8/2 1059/8/2
f 1056/8/2 1057/8/2 1060/8/2
f 1060/8/2 1057/8/2 1061/8/2
f 1060/7/2 1061/7/2 1062/7/2
f 1062/7/2 1061/7/2 1063/7/2
f 1058/7/2 1059/7/2 1064/7/2
f 1064/7/2 1059/7/2 1065/7/2
f 1062/2/2 1063/2/2 1066/2/2
f 1064/1/2 1065/1/2 1067/1/2
f 1067/1/2 1065/1/2 1068/1/2
f 1066/2/2 1063/2/2 1069/2/2
f 1069/2/2 1063/2/2 1070/2/2
f 1073/2/2 1074/2/2 1075/2/2
f 1075/2/2 1074/2/2 1076/2/2
f 1075/7/2 1076/7/2 1077/7/2
f 1077/7/2 1076/7/2 1078/7/2
f 1071/1/2 1072/1/2 1079/1/2
f 1071/1/2 1079/1/2 1080/1/2
f 1080/1/2 1079/1/2 1081/1/2
f 1077/2/2 1078/2/2 1094/2/2
f 1094/2/2 1078/2/2 1095/2/2
f 1082/8/2 1083/8/2 1096/8/2
f 1096/8/2 1083/8/2 1097/8/2
f 1084/7/2 1085/7/2 1098/7/2
f 1085/8/2 1086/8/2 1099/8/2
f 1098/7/2 1085/7/2 1099/7/2
f 1086/7/2 1087/7/2 1100/7/2
f 1099/8/2 1086/8/2 1100/8/2
f 1087/8/2 1088/8/2 1101/8/2
f 1100/7/2 1087/7/2 1101/7/2
f 1088/7/2 1089/7/2 1102/7/2
f 1101/8/2 1088/8/2 1102/8/2
f 1089/8/2 1090/8/2 1103/8/2
f 1102/7/2 1089/7/2 1103/7/2
f 1090/7/2 1091/7/2 1104/7/2
f 1103/8/2 1090/8/2 1104/8/2
f 1104/7/2 1091/7/2 1105/7/2
f 1092/8/2 1093/8/2 1106/8/2
f 1106/8/2 1093/8/2 1107/8/2
f 1098/7/2 1099/7/2 1108/7/2
f 1108/7/2 1099/7/2 1109/7/2
f 1104/7/2 1105/7/2 1110/7/2
f 1110/7/2 1105/7/2 1111/7/2
f 1112/8/2 1113/8/2 1118/8/2
f 1118/8/2 1113/8/2 1119/8/2
f 1114/8/2 1115/8/2 1126/8/2
f 1126/8/2 1115/8/2 1127/8/2
f 1116/7/2 1117/7/2 1130/7/2
f 1118/7/2 1119/7/2 1131/7/2
f 1119/2/2 1120/2/2 1132/2/2
f 1120/7/2 1121/7/2 1132/7/2
f 1121/2/2 1122/2/2 1133/2/2
f 1132/7/2 1121/7/2 1133/7/2
f 1133/2/2 1122/2/2 1134/2/2
f 1122/1/2 1123/1/2 1135/1/2
f 1134/2/2 1122/2/2 1135/2/2
f 1123/2/2 1124/2/2 1136/2/2
f 1135/1/2 1123/1/2 1136/1/2
f 1124/1/2 1125/1/2 1137/1/2
f 1136/2/2 1124/2/2 1137/2/2
f 1125/7/2 1126/7/2 1138/7/2
f 1137/1/2 1125/1/2 1138/1/2
f 1126/7/2 1127/7/2 1138/7/2
f 1138/7/2 1127/7/2 1139/7/2
f 1139/7/2 1127/7/2 1140/7/2
f 1128/7/2 1129/7/2 1141/7/2
f 1141/7/2 1129/7/2 1142/7/2
f 1131/7/2 1119/7/2 1143/7/2
f 1119/2/2 1132/2/2 1144/2/2
f 1143/7/2 1119/7/2 1144/7/2
f 1133/2/2 1134/2/2 1144/2/2
f 1132/2/2 1133/2/2 1144/2/2
f 1134/3/2 1135/3/2 1145/3/2
f 1144/2/2 1134/2/2 1145/2/2
f 1135/1/2 1136/1/2 1146/1/2
f 1145/3/2 1135/3/2 1146/3/2
f 1136/1/2 1137/1/2 1146/1/2
f 1137/1/2 1138/1/2 1146/1/2
f 1146/1/2 1138/1/2 1147/1/2
f 1147/1/2 1138/1/2 1148/1/2
f 1138/3/2 1139/3/2 1149/3/2
f 1148/1/2 1138/1/2 1149/1/2
f 1139/7/2 1140/7/2 1150/7/2
f 1149/3/2 1139/3/2 1150/3/2
f 1116/7/2 1130/7/2 1151/7/2
f 1151/7/2 1130/7/2 1152/7/2
f 1144/2/2 1145/2/2 1153/2/2
f 1143/2/2 1144/2/2 1153/2/2
f 1153/2/2 1145/2/2 1154/2/2
f 1146/2/2 1147/2/2 1155/2/2
f 1147/4/2 1148/4/2 1156/4/2
f 1155/2/2 1147/2/2 1156/2/2
f 1148/2/2 1149/2/2 1157/2/2
f 1156/4/2 1148/4/2 1157/4/2
f 1149/4/2 1150/4/2 1158/4/2
f 1157/2/2 1149/2/2 1158/2/2
f 1150/7/2 1140/7/2 1159/7/2
f 1158/4/2 1150/4/2 1159/4/2
f 1159/7/2 1140/7/2 1160/7/2
f 1141/4/2 1142/4/2 1161/4/2
f 1161/4/2 1142/4/2 1162/4/2
f 1151/1/2 1152/1/2 1163/1/2
f 1143/2/2 1153/2/2 1164/2/2
f 1154/1/2 1155/1/2 1165/1/2
f 1153/1/2 1154/1/2 1165/1/2
f 1164/2/2 1153/2/2 1165/2/2
f 1155/2/2 1156/2/2 1166/2/2
f 1165/1/2 1155/1/2 1166/1/2
f 1156/2/2 1157/2/2 1166/2/2
f 1166/2/2 1157/2/2 1167/2/2
f 1157/3/2 1158/3/2 1168/3/2
f 1167/2/2 1157/2/2 1168/2/2
f 1159/2/2 1160/2/2 1169/2/2
f 1168/3/2 1158/3/2 1169/3/2
f 1158/2/2 1159/2/2 1169/2/2
f 1169/2/2 1160/2/2 1170/2/2
f 1161/1/2 1162/1/2 1171/1/2
f 1164/3/2 1165/3/2 1172/3/2
f 1163/1/2 1164/1/2 1172/1/2
f 1172/3/2 1165/3/2 1173/3/2
f 1166/1/2 1167/1/2 1174/1/2
f 1173/3/2 1165/3/2 1174/3/2
f 1165/1/2 1166/1/2 1174/1/2
f 1167/2/2 1168/2/2 1175/2/2
f 1174/1/2 1167/1/2 1175/1/2
f 1169/2/2 1170/2/2 1175/2/2
f 1168/2/2 1169/2/2 1175/2/2
f 1172/1/2 1173/1/2 1176/1/2
f 1173/2/2 1174/2/2 1176/2/2
f 1174/2/2 1175/2/2 1176/2/2
f 1176/2/2 1175/2/2 1177/2/2
f 1177/2/2 1175/2/2 1178/2/2
f 1175/2/2 1170/2/2 1179/2/2
f 1178/2/2 1175/2/2 1179/2/2
f 1172/1/2 1176/1/2 1180/1/2
f 1177/2/2 1178/2/2 1181/2/2
f 1181/2/2 1178/2/2 1182/2/2
f 1179/2/2 1170/2/2 1183/2/2
f 1172/1/2 1180/1/2 1184/1/2
f 1163/1/2 1172/1/2 1184/1/2
f 1182/2/2 1183/2/2 1185/2/2
f 1184/1/2 1180/1/2 1185/1/2
f 1181/2/2 1182/2/2 1185/2/2
f 1180/2/2 1181/2/2 1185/2/2
f 1183/2/2 1170/2/2 1186/2/2
f 1185/2/2 1183/2/2 1186/2/2
f 1186/2/2 1170/2/2 1187/2/2
f 1163/1/2 1184/1/2 1188/1/2
f 1184/7/2 1185/7/2 1188/7/2
f 1185/2/2 1186/2/2 1189/2/2
f 1188/7/2 1185/7/2 1189/7/2
f 1189/2/2 1186/2/2 1190/2/2
f 1187/2/2 1170/2/2 1191/2/2
f 1191/2/2 1170/2/2 1192/2/2
f 1170/1/2 1171/1/2 1193/1/2
f 1192/2/2 1170/2/2 1193/2/2
f 1191/2/2 1192/2/2 1194/2/2
f 1189/2/2 1190/2/2 1194/2/2
f 1190/2/2 1191/2/2 1194/2/2
f 1194/2/2 1192/2/2 1195/2/2
f 1151/1/2 1163/1/2 1196/1/2
f 1163/1/2 1188/1/2 1196/1/2
f 1188/1/2 1189/1/2 1196/1/2
f 1196/1/2 1189/1/2 1197/1/2
f 1195/2/2 1192/2/2 1198/2/2
f 1198/2/2 1192/2/2 1199/2/2
f 1192/1/2 1193/1/2 1200/1/2
f 1199/2/2 1192/2/2 1200/2/2
f 1193/1/2 1171/1/2 1201/1/2
f 1200/1/2 1193/1/2 1201/1/2
f 1171/1/2 1162/1/2 1202/1/2
f 1201/1/2 1171/1/2 1202/1/2
f 1197/1/2 1189/1/2 1203/1/2
f 1189/2/2 1194/2/2 1203/2/2
f 1203/2/2 1194/2/2 1204/2/2
f 1199/2/2 1200/2/2 1205/2/2
f 1200/2/2 1201/2/2 1205/2/2
f 1205/2/2 1201/2/2 1206/2/2
f 1203/7/2 1204/7/2 1207/7/2
f 1197/1/2 1203/1/2 1207/1/2
f 1204/2/2 1194/2/2 1208/2/2
f 1207/7/2 1204/7/2 1208/7/2
f 1208/2/2 1194/2/2 1209/2/2
f 1198/1/2 1199/1/2 1210/1/2
f 1210/1/2 1199/1/2 1211/1/2
f 1199/2/2 1205/2/2 1212/2/2
f 1211/1/2 1199/1/2 1212/1/2
f 1205/7/2 1206/7/2 1213/7/2
f 1212/2/2 1205/2/2 1213/2/2
f 1206/2/2 1201/2/2 1214/2/2
f 1213/7/2 1206/7/2 1214/7/2
f 1214/2/2 1201/2/2 1215/2/2
f 1215/2/2 1201/2/2 1216/2/2
f 1202/1/2 1162/1/2 1217/1/2
f 1151/1/2 1196/1/2 1218/1/2
f 1218/1/2 1196/1/2 1219/1/2
f 1197/1/2 1207/1/2 1220/1/2
f 1207/2/2 1208/2/2 1221/2/2
f 1220/1/2 1207/1/2 1221/1/2
f 1208/7/2 1209/7/2 1222/7/2
f 1221/2/2 1208/2/2 1222/2/2
f 1209/4/2 1210/4/2 1223/4/2
f 1222/7/2 1209/7/2 1223/7/2
f 1210/7/2 1211/7/2 1224/7/2
f 1223/4/2 1210/4/2 1224/4/2
f 1212/2/2 1213/2/2 1225/2/2
f 1224/7/2 1211/7/2 1225/7/2
f 1211/2/2 1212/2/2 1225/2/2
f 1213/2/2 1214/2/2 1225/2/2
f 1225/2/2 1214/2/2 1226/2/2
f 1226/2/2 1214/2/2 1227/2/2
f 1215/2/2 1216/2/2 1228/2/2
f 1218/7/2 1219/7/2 1229/7/2
f 1229/7/2 1219/7/2 1230/7/2
f 1220/7/2 1221/7/2 1231/7/2
f 1223/7/2 1224/7/2 1231/7/2
f 1222/7/2 1223/7/2 1231/7/2
f 1221/7/2 1222/7/2 1231/7/2
f 1224/7/2 1225/7/2 1231/7/2
f 1225/7/2 1226/7/2 1231/7/2
f 1231/7/2 1226/7/2 1232/7/2
f 1226/2/2 1227/2/2 1233/2/2
f 1232/7/2 1226/7/2 1233/7/2
f 1227/7/2 1228/7/2 1234/7/2
f 1233/2/2 1227/2/2 1234/2/2
f 1228/2/2 1216/2/2 1235/2/2
f 1234/7/2 1228/7/2 1235/7/2
f 1235/2/2 1216/2/2 1236/2/2
f 1217/1/2 1162/1/2 1237/1/2
f 1237/1/2 1162/1/2 1238/1/2
f 1231/7/2 1232/7/2 1239/7/2
f 1239/7/2 1232/7/2 1240/7/2
f 1235/2/2 1236/2/2 1241/2/2
f 1241/2/2 1236/2/2 1242/2/2
f 1243/8/2 1244/8/2 1247/8/2
f 1247/8/2 1244/8/2 1248/8/2
f 1245/8/2 1246/8/2 1249/8/2
f 1249/8/2 1246/8/2 1250/8/2
f 1249/7/2 1250/7/2 1251/7/2
f 1251/7/2 1250/7/2 1252/7/2
f 1247/7/2 1248/7/2 1253/7/2
f 1253/7/2 1248/7/2 1254/7/2
f 1251/1/2 1252/1/2 1255/1/2
f 1255/1/2 1252/1/2 1256/1/2
f 1259/1/2 1260/1/2 1261/1/2
f 1261/1/2 1260/1/2 1262/1/2
f 1257/1/2 1258/1/2 1263/1/2
f 1263/1/2 1258/1/2 1264/1/2
f 1263/7/2 1264/7/2 1265/7/2
f 1265/7/2 1264/7/2 1266/7/2
f 1261/7/2 1262/7/2 1267/7/2
f 1267/7/2 1262/7/2 1268/7/2
f 1275/8/3 1270/8/3 1269/8/3
f 1276/7/3 1271/7/3 1270/7/3
f 1276/8/3 1270/8/3 1275/8/3
f 1277/7/3 1271/7/3 1276/7/3
f 1278/1/3 1273/1/3 1272/1/3
f 1279/7/3 1274/7/3 1273/7/3
f 1279/1/3 1273/1/3 1278/1/3
f 1280/7/3 1274/7/3 1279/7/3
f 1287/8/3 1282/8/3 1281/8/3
f 1288/7/3 1283/7/3 1282/7/3
f 1288/8/3 1282/8/3 1287/8/3
f 1289/1/3 1284/1/3 1283/1/3
f 1289/7/3 1283/7/3 1288/7/3
f 1290/1/3 1284/1/3 1289/1/3
f 1291/1/3 1286/1/3 1285/1/3
f 1292/1/3 1286/1/3 1291/1/3
f 1299/7/3 1294/7/3 1293/7/3
f 1300/7/3 1294/7/3 1299/7/3
f 1301/1/3 1295/1/3 1294/1/3
f 1301/7/3 1294/7/3 1300/7/3
f 1302/3/3 1296/3/3 1295/3/3
f 1302/1/3 1295/1/3 1301/1/3
f 1303/1/3 1297/1/3 1296/1/3
f 1304/7/3 1298/7/3 1297/7/3
f 1304/1/3 1297/1/3 1303/1/3
f 1305/7/3 1298/7/3 1304/7/3
f 1310/3/3 1296/3/3 1302/3/3
f 1311/1/3 1303/1/3 1296/1/3
f 1311/3/3 1296/3/3 1310/3/3
f 1312/1/3 1303/1/3 1311/1/3
f 1313/1/3 1303/1/3 1312/1/3
f 1319/8/3 1307/8/3 1306/8/3
f 1320/7/3 1308/7/3 1307/7/3
f 1320/8/3 1307/8/3 1319/8/3
f 1321/2/3 1309/2/3 1308/2/3
f 1321/7/3 1308/7/3 1320/7/3
f 1322/2/3 1317/2/3 1316/2/3
f 1322/2/3 1316/2/3 1315/2/3
f 1323/7/3 1318/7/3 1317/7/3
f 1323/2/3 1317/2/3 1322/2/3
f 1324/7/3 1318/7/3 1323/7/3
f 1325/1/3 1310/1/3 1309/1/3
f 1325/2/3 1309/2/3 1321/2/3
f 1325/1/3 1311/1/3 1310/1/3
f 1325/1/3 1312/1/3 1311/1/3
f 1325/2/3 1321/2/3 1320/2/3
f 1326/1/3 1312/1/3 1325/1/3
f 1327/1/3 1312/1/3 1326/1/3
f 1328/1/3 1315/1/3 1314/1/3
f 1328/2/3 1322/2/3 1315/2/3
f 1329/7/3 1323/7/3 1322/7/3
f 1329/2/3 1322/2/3 1328/2/3
f 1330/2/3 1325/2/3 1320/2/3
f 1331/2/3 1327/2/3 1326/2/3
f 1332/7/3 1314/7/3 1313/7/3
f 1333/1/3 1328/1/3 1314/1/3
f 1333/7/3 1314/7/3 1332/7/3
f 1334/7/3 1329/7/3 1328/7/3
f 1334/1/3 1328/1/3 1333/1/3
f 1335/2/3 1330/2/3 1320/2/3
f 1336/1/3 1331/1/3 1330/1/3
f 1336/2/3 1330/2/3 1335/2/3
f 1337/2/3 1327/2/3 1331/2/3
f 1338/1/3 1333/1/3 1332/1/3
f 1339/7/3 1334/7/3 1333/7/3
f 1339/1/3 1333/1/3 1338/1/3
f 1340/7/3 1329/7/3 1334/7/3
f 1340/7/3 1334/7/3 1339/7/3
f 1340/7/3 1323/7/3 1329/7/3
f 1341/1/3 1336/1/3 1335/1/3
f 1342/1/3 1331/1/3 1336/1/3
f 1342/1/3 1336/1/3 1341/1/3
f 1343/2/3 1339/2/3 1338/2/3
f 1343/2/3 1338/2/3 1337/2/3
f 1343/2/3 1340/2/3 1339/2/3
f 1344/7/3 1323/7/3 1340/7/3
f 1344/2/3 1340/2/3 1343/2/3
f 1345/1/3 1341/1/3 1335/1/3
f 1346/1/3 1341/1/3 1345/1/3
f 1347/1/3 1331/1/3 1342/1/3
f 1348/2/3 1337/2/3 1331/2/3
f 1348/2/3 1343/2/3 1337/2/3
f 1348/1/3 1331/1/3 1347/1/3
f 1349/2/3 1343/2/3 1348/2/3
f 1350/2/3 1343/2/3 1349/2/3
f 1351/7/3 1344/7/3 1343/7/3
f 1351/2/3 1343/2/3 1350/2/3
f 1352/7/3 1323/7/3 1344/7/3
f 1352/7/3 1344/7/3 1351/7/3
f 1353/2/3 1346/2/3 1345/2/3
f 1354/1/3 1347/1/3 1346/1/3
f 1354/2/3 1346/2/3 1353/2/3
f 1354/1/3 1348/1/3 1347/1/3
f 1354/1/3 1349/1/3 1348/1/3
f 1355/7/3 1323/7/3 1352/7/3
f 1355/2/3 1352/2/3 1351/2/3
f 1356/7/3 1323/7/3 1355/7/3
f 1357/1/3 1354/1/3 1353/1/3
f 1358/1/3 1349/1/3 1354/1/3
f 1358/1/3 1354/1/3 1357/1/3
f 1359/1/3 1349/1/3 1358/1/3
f 1360/1/3 1349/1/3 1359/1/3
f 1361/2/3 1350/2/3 1349/2/3
f 1361/1/3 1349/1/3 1360/1/3
f 1362/2/3 1355/2/3 1351/2/3
f 1362/2/3 1356/2/3 1355/2/3
f 1363/2/3 1356/2/3 1362/2/3
f 1364/3/3 1358/3/3 1357/3/3
f 1365/1/3 1359/1/3 1358/1/3
f 1365/3/3 1358/3/3 1364/3/3
f 1366/3/3 1360/3/3 1359/3/3
f 1366/1/3 1359/1/3 1365/1/3
f 1367/2/3 1361/2/3 1360/2/3
f 1367/3/3 1360/3/3 1366/3/3
f 1368/2/3 1361/2/3 1367/2/3
f 1369/2/3 1350/2/3 1361/2/3
f 1369/2/3 1361/2/3 1368/2/3
f 1370/2/3 1362/2/3 1351/2/3
f 1371/7/3 1363/7/3 1362/7/3
f 1371/2/3 1362/2/3 1370/2/3
f 1373/3/3 1364/3/3 1357/3/3
f 1374/1/3 1365/1/3 1364/1/3
f 1374/1/3 1366/1/3 1365/1/3
f 1374/3/3 1364/3/3 1373/3/3
f 1374/1/3 1367/1/3 1366/1/3
f 1375/1/3 1367/1/3 1374/1/3
f 1376/2/3 1369/2/3 1368/2/3
f 1376/2/3 1370/2/3 1369/2/3
f 1377/2/3 1370/2/3 1376/2/3
f 1378/7/3 1371/7/3 1370/7/3
f 1378/2/3 1370/2/3 1377/2/3
f 1379/7/3 1363/7/3 1371/7/3
f 1379/7/3 1371/7/3 1378/7/3
f 1380/7/3 1363/7/3 1379/7/3
f 1382/8/3 1373/8/3 1372/8/3
f 1383/7/3 1374/7/3 1373/7/3
f 1383/8/3 1373/8/3 1382/8/3
f 1384/2/3 1377/2/3 1376/2/3
f 1384/7/3 1374/7/3 1383/7/3
f 1384/2/3 1375/2/3 1374/2/3
f 1384/2/3 1376/2/3 1375/2/3
f 1385/2/3 1377/2/3 1384/2/3
f 1386/2/3 1377/2/3 1385/2/3
f 1387/1/3 1378/1/3 1377/1/3
f 1387/2/3 1377/2/3 1386/2/3
f 1387/1/3 1379/1/3 1378/1/3
f 1388/1/3 1379/1/3 1387/1/3
f 1389/1/3 1379/1/3 1388/1/3
f 1390/1/3 1379/1/3 1389/1/3
f 1391/7/3 1380/7/3 1379/7/3
f 1391/1/3 1379/1/3 1390/1/3
f 1391/7/3 1381/7/3 1380/7/3
f 1392/7/3 1381/7/3 1391/7/3
f 1393/7/3 1381/7/3 1392/7/3
f 1397/1/3 1388/1/3 1387/1/3
f 1397/1/3 1387/1/3 1386/1/3
f 1398/1/3 1388/1/3 1397/1/3
f 1399/1/3 1390/1/3 1389/1/3
f 1400/1/3 1390/1/3 1399/1/3
f 1403/7/3 1396/7/3 1395/7/3
f 1403/7/3 1395/7/3 1394/7/3
f 1404/1/3 1398/1/3 1397/1/3
f 1404/7/3 1396/7/3 1403/7/3
f 1404/1/3 1401/1/3 1400/1/3
f 1404/1/3 1400/1/3 1399/1/3
f 1404/1/3 1399/1/3 1398/1/3
f 1404/1/3 1397/1/3 1396/1/3
f 1405/7/3 1402/7/3 1401/7/3
f 1405/1/3 1401/1/3 1404/1/3
f 1406/7/3 1402/7/3 1405/7/3
f 1413/8/3 1408/8/3 1407/8/3
f 1414/7/3 1409/7/3 1408/7/3
f 1414/8/3 1408/8/3 1413/8/3
f 1415/7/3 1409/7/3 1414/7/3
f 1416/1/3 1410/1/3 1409/1/3
f 1416/7/3 1409/7/3 1415/7/3
f 1417/1/3 1410/1/3 1416/1/3
f 1418/1/3 1412/1/3 1411/1/3
f 1419/1/3 1412/1/3 1418/1/3
f 1420/1/3 1412/1/3 1419/1/3
f 1425/7/3 1422/7/3 1421/7/3
f 1426/7/3 1422/7/3 1425/7/3
f 1427/8/3 1424/8/3 1423/8/3
f 1428/8/3 1424/8/3 1427/8/3
f 1435/8/3 1430/8/3 1429/8/3
f 1436/7/3 1431/7/3 1430/7/3
f 1436/8/3 1430/8/3 1435/8/3
f 1437/7/3 1431/7/3 1436/7/3
f 1438/7/3 1433/7/3 1432/7/3
f 1438/7/3 1434/7/3 1433/7/3
f 1439/7/3 1434/7/3 1438/7/3
f 1440/7/3 1434/7/3 1439/7/3
f 1441/2/3 1437/2/3 1436/2/3
f 1442/2/3 1437/2/3 1441/2/3
f 1443/8/3 1439/8/3 1438/8/3
f 1444/8/3 1439/8/3 1443/8/3
f 1445/7/3 1442/7/3 1441/7/3
f 1446/7/3 1442/7/3 1445/7/3
f 1447/2/3 1446/2/3 1445/2/3
f 1448/2/3 1447/2/3 1445/2/3
f 1449/2/3 1447/2/3 1448/2/3
f 1450/7/3 1444/7/3 1443/7/3
f 1451/7/3 1449/7/3 1448/7/3
f 1452/7/3 1449/7/3 1451/7/3
f 1453/7/3 1444/7/3 1450/7/3
f 1454/7/3 1444/7/3 1453/7/3
f 1456/3/3 1452/3/3 1451/3/3
f 1457/3/3 1452/3/3 1456/3/3
f 1458/8/3 1454/8/3 1453/8/3
f 1459/8/3 1454/8/3 1458/8/3
f 1461/8/3 1456/8/3 1455/8/3
f 1462/7/3 1457/7/3 1456/7/3
f 1462/8/3 1456/8/3 1461/8/3
f 1463/7/3 1457/7/3 1462/7/3
f 1464/7/3 1459/7/3 1458/7/3
f 1464/7/3 1460/7/3 1459/7/3
f 1465/7/3 1460/7/3 1464/7/3
f 1466/7/3 1460/7/3 1465/7/3
f 1471/7/3 1468/7/3 1467/7/3
f 1472/7/3 1468/7/3 1471/7/3
f 1473/8/3 1470/8/3 1469/8/3
f 1474/8/3 1470/8/3 1473/8/3
f 1482/8/3 1476/8/3 1475/8/3
f 1483/7/3 1477/7/3 1476/7/3
f 1483/8/3 1476/8/3 1482/8/3
f 1483/7/3 1478/7/3 1477/7/3
f 1484/7/3 1478/7/3 1483/7/3
f 1485/1/3 1480/1/3 1479/1/3
f 1486/7/3 1481/7/3 1480/7/3
f 1486/1/3 1480/1/3 1485/1/3
f 1487/7/3 1481/7/3 1486/7/3
f 1494/8/3 1489/8/3 1488/8/3
f 1495/8/3 1489/8/3 1494/8/3
f 1496/1/3 1491/1/3 1490/1/3
f 1497/1/3 1491/1/3 1496/1/3
f 1498/7/3 1493/7/3 1492/7/3
f 1499/7/3 1493/7/3 1498/7/3
f 1506/7/3 1501/7/3 1500/7/3
f 1507/7/3 1501/7/3 1506/7/3
f 1508/8/3 1505/8/3 1504/8/3
f 1509/8/3 1505/8/3 1508/8/3
f 1518/8/3 1511/8/3 1510/8/3
f 1519/7/3 1512/7/3 1511/7/3
f 1519/8/3 1511/8/3 1518/8/3
f 1520/7/3 1512/7/3 1519/7/3
f 1521/6/3 1514/6/3 1513/6/3
f 1522/6/3 1514/6/3 1521/6/3
f 1523/8/3 1516/8/3 1515/8/3
f 1523/8/3 1517/8/3 1516/8/3
f 1524/8/3 1517/8/3 1523/8/3
f 1525/8/3 1517/8/3 1524/8/3
f 1526/7/3 1520/7/3 1519/7/3
f 1527/7/3 1520/7/3 1526/7/3
f 1528/6/3 1503/6/3 1502/6/3
f 1529/6/3 1503/6/3 1528/6/3
f 1530/2/3 1527/2/3 1526/2/3
f 1531/2/3 1527/2/3 1530/2/3
f 1534/7/3 1524/7/3 1523/7/3
f 1535/7/3 1524/7/3 1534/7/3
f 1536/7/3 1531/7/3 1530/7/3
f 1537/7/3 1531/7/3 1536/7/3
f 1538/6/3 1533/6/3 1532/6/3
f 1539/6/3 1533/6/3 1538/6/3
f 1542/8/3 1535/8/3 1534/8/3
f 1543/8/3 1535/8/3 1542/8/3
f 1544/1/3 1537/1/3 1536/1/3
f 1545/1/3 1537/1/3 1544/1/3
f 1547/7/3 1545/7/3 1544/7/3
f 1548/7/3 1545/7/3 1547/7/3
f 1549/7/3 1543/7/3 1542/7/3
f 1550/7/3 1543/7/3 1549/7/3
f 1552/8/3 1547/8/3 1546/8/3
f 1553/7/3 1548/7/3 1547/7/3
f 1553/8/3 1547/8/3 1552/8/3
f 1554/7/3 1548/7/3 1553/7/3
f 1555/6/3 1541/6/3 1540/6/3
f 1556/6/3 1541/6/3 1555/6/3
f 1557/8/3 1550/8/3 1549/8/3
f 1557/8/3 1551/8/3 1550/8/3
f 1558/8/3 1551/8/3 1557/8/3
f 1559/8/3 1551/8/3 1558/8/3
f 1564/7/3 1561/7/3 1560/7/3
f 1565/7/3 1561/7/3 1564/7/3
f 1566/8/3 1563/8/3 1562/8/3
f 1567/8/3 1563/8/3 1566/8/3
f 1574/8/3 1569/8/3 1568/8/3
f 1575/8/3 1569/8/3 1574/8/3
f 1576/7/3 1571/7/3 1570/7/3
f 1577/7/3 1571/7/3 1576/7/3
f 1578/7/3 1573/7/3 1572/7/3
f 1579/7/3 1573/7/3 1578/7/3
f 1584/8/3 1581/8/3 1580/8/3
f 1585/8/3 1581/8/3 1584/8/3
f 1586/7/3 1583/7/3 1582/7/3
f 1587/7/3 1583/7/3 1586/7/3
f 1593/7/3 1589/7/3 1588/7/3
f 1594/7/3 1589/7/3 1593/7/3
f 1595/8/3 1591/8/3 1590/8/3
f 1596/8/3 1591/8/3 1595/8/3
f 1598/8/3 1593/8/3 1592/8/3
f 1599/8/3 1593/8/3 1598/8/3
f 1602/8/3 1597/8/3 1596/8/3
f 1603/8/3 1597/8/3 1602/8/3
f 1604/7/3 1600/7/3 1599/7/3
f 1604/7/3 1599/7/3 1598/7/3
f 1605/7/3 1604/7/3 1598/7/3
f 1606/7/3 1602/7/3 1601/7/3
f 1607/7/3 1602/7/3 1606/7/3
f 1608/7/3 1605/7/3 1598/7/3
f 1609/8/3 1607/8/3 1606/8/3
f 1610/8/3 1607/8/3 1609/8/3
f 1611/7/3 1608/7/3 1598/7/3
f 1612/7/3 1611/7/3 1598/7/3
f 1613/7/3 1611/7/3 1612/7/3
f 1614/7/3 1611/7/3 1613/7/3
f 1615/7/3 1610/7/3 1609/7/3
f 1616/7/3 1610/7/3 1615/7/3
f 1618/8/3 1613/8/3 1612/8/3
f 1619/8/3 1613/8/3 1618/8/3
f 1624/8/3 1617/8/3 1616/8/3
f 1625/8/3 1617/8/3 1624/8/3
f 1626/7/3 1620/7/3 1619/7/3
f 1627/7/3 1620/7/3 1626/7/3
f 1628/6/3 1622/6/3 1621/6/3
f 1629/6/3 1622/6/3 1628/6/3
f 1630/8/3 1624/8/3 1623/8/3
f 1631/8/3 1624/8/3 1630/8/3
f 1638/8/3 1633/8/3 1632/8/3
f 1639/8/3 1633/8/3 1638/8/3
f 1640/6/3 1635/6/3 1634/6/3
f 1641/6/3 1635/6/3 1640/6/3
f 1642/7/3 1637/7/3 1636/7/3
f 1643/7/3 1637/7/3 1642/7/3
f 1649/8/3 1645/8/3 1644/8/3
f 1650/8/3 1645/8/3 1649/8/3
f 1651/8/3 1647/8/3 1646/8/3
f 1652/8/3 1647/8/3 1651/8/3
f 1654/8/3 1649/8/3 1648/8/3
f 1655/8/3 1649/8/3 1654/8/3
f 1656/8/3 1653/8/3 1652/8/3
f 1657/8/3 1653/8/3 1656/8/3
f 1662/8/3 1658/8/3 1657/8/3
f 1663/8/3 1658/8/3 1662/8/3
f 1664/8/3 1660/8/3 1659/8/3
f 1665/8/3 1660/8/3 1664/8/3
f 1666/7/3 1662/7/3 1661/7/3
f 1667/7/3 1662/7/3 1666/7/3
f 1668/8/3 1667/8/3 1666/8/3
f 1669/8/3 1667/8/3 1668/8/3
f 1670/7/3 1665/7/3 1664/7/3
f 1671/7/3 1665/7/3 1670/7/3
f 1672/8/3 1667/8/3 1669/8/3
f 1673/8/3 1667/8/3 1672/8/3
f 1674/8/3 1671/8/3 1670/8/3
f 1675/8/3 1671/8/3 1674/8/3
f 1676/7/3 1673/7/3 1672/7/3
f 1677/7/3 1673/7/3 1676/7/3
f 1682/8/3 1678/8/3 1677/8/3
f 1683/8/3 1678/8/3 1682/8/3
f 1684/8/3 1680/8/3 1679/8/3
f 1685/8/3 1680/8/3 1684/8/3
f 1688/8/3 1682/8/3 1681/8/3
f 1689/8/3 1682/8/3 1688/8/3
f 1690/8/3 1686/8/3 1685/8/3
f 1691/8/3 1686/8/3 1690/8/3
f 1694/8/3 1688/8/3 1687/8/3
f 1695/8/3 1688/8/3 1694/8/3
f 1696/5/3 1693/5/3 1692/5/3
f 1697/5/3 1693/5/3 1696/5/3
f 1698/2/3 1697/2/3 1696/2/3
f 1699/2/3 1697/2/3 1698/2/3
f 1702/5/3 1701/5/3 1700/5/3
f 1703/5/3 1701/5/3 1702/5/3
f 1706/5/3 1703/5/3 1702/5/3
f 1707/5/3 1703/5/3 1706/5/3
f 1709/8/3 1705/8/3 1704/8/3
f 1710/8/3 1705/8/3 1709/8/3
f 1713/8/3 1709/8/3 1708/8/3
f 1714/8/3 1712/8/3 1711/8/3
f 1715/8/3 1713/8/3 1708/8/3
f 1716/8/3 1712/8/3 1714/8/3
f 1717/8/3 1715/8/3 1708/8/3
f 1718/8/3 1715/8/3 1717/8/3
f 1720/8/3 1712/8/3 1716/8/3
f 1721/8/3 1712/8/3 1720/8/3
f 1722/8/3 1719/8/3 1718/8/3
f 1723/8/3 1719/8/3 1722/8/3
f 1728/1/3 1725/1/3 1724/1/3
f 1729/1/3 1725/1/3 1728/1/3
f 1730/2/3 1727/2/3 1726/2/3
f 1731/2/3 1727/2/3 1730/2/3
f 1732/5/3 1729/5/3 1728/5/3
f 1733/5/3 1729/5/3 1732/5/3
f 1734/5/3 1731/5/3 1730/5/3
f 1735/5/3 1731/5/3 1734/5/3
f 1738/8/3 1737/8/3 1736/8/3
f 1739/8/3 1737/8/3 1738/8/3
f 1742/8/3 1741/8/3 1740/8/3
f 1743/8/3 1741/8/3 1742/8/3
f 1746/5/3 1745/5/3 1744/5/3
f 1749/5/3 1746/5/3 1744/5/3
f 1750/5/3 1746/5/3 1749/5/3
f 1751/5/3 1748/5/3 1747/5/3
f 1752/5/3 1748/5/3 1751/5/3
f 1753/5/3 1748/5/3 1752/5/3
f 1754/2/3 1752/2/3 1751/2/3
f 1755/1/3 1753/1/3 1752/1/3
f 1755/2/3 1752/2/3 1754/2/3
f 1756/1/3 1753/1/3 1755/1/3
f 1759/5/3 1758/5/3 1757/5/3
f 1760/5/3 1758/5/3 1759/5/3
f 1761/2/3 1760/2/3 1759/2/3
f 1762/2/3 1760/2/3 1761/2/3
f 1765/5/3 1764/5/3 1763/5/3
f 1766/5/3 1764/5/3 1765/5/3
f 1767/2/3 1766/2/3 1765/2/3
f 1768/2/3 1766/2/3 1767/2/3
f 1771/2/3 1770/2/3 1769/2/3
f 1772/2/3 1770/2/3 1771/2/3
f 1775/5/3 1772/5/3 1771/5/3
f 1776/5/3 1772/5/3 1775/5/3
f 1779/8/3 1774/8/3 1773/8/3
f 1780/8/3 1774/8/3 1779/8/3
f 1781/7/3 1778/7/3 1777/7/3
f 1782/7/3 1778/7/3 1781/7/3
f 1784/7/3 1783/7/3 1782/7/3
f 1785/7/3 1783/7/3 1784/7/3
f 1787/8/3 1786/8/3 1785/8/3
f 1788/8/3 1786/8/3 1787/8/3
f 1792/8/3 1790/8/3 1789/8/3
f 1793/8/3 1790/8/3 1792/8/3
f 1797/8/3 1792/8/3 1791/8/3
f 1798/8/3 1792/8/3 1797/8/3
f 1799/8/3 1795/8/3 1794/8/3
f 1800/8/3 1795/8/3 1799/8/3
f 1801/8/3 1797/8/3 1796/8/3
f 1802/8/3 1797/8/3 1801/8/3
f 1808/1/3 1804/1/3 1803/1/3
f 1809/2/3 1805/2/3 1804/2/3
f 1809/1/3 1804/1/3 1808/1/3
f 1810/2/3 1805/2/3 1809/2/3
f 1813/8/3 1807/8/3 1806/8/3
f 1814/8/3 1807/8/3 1813/8/3
f 1815/5/3 1809/5/3 1808/5/3
f 1815/5/3 1810/5/3 1809/5/3
f 1816/5/3 1810/5/3 1815/5/3
f 1817/7/3 1812/7/3 1811/7/3
f 1818/7/3 1812/7/3 1817/7/3
f 1825/8/3 1820/8/3 1819/8/3
f 1826/8/3 1820/8/3 1825/8/3
f 1827/5/3 1822/5/3 1821/5/3
f 1828/5/3 1822/5/3 1827/5/3
f 1829/7/3 1824/7/3 1823/7/3
f 1830/7/3 1824/7/3 1829/7/3
f 1831/2/3 1828/2/3 1827/2/3
f 1832/2/3 1828/2/3 1831/2/3
f 1837/8/3 1834/8/3 1833/8/3
f 1838/8/3 1834/8/3 1837/8/3
f 1839/7/3 1836/7/3 1835/7/3
f 1840/7/3 1836/7/3 1839/7/3
f 1845/5/3 1842/5/3 1841/5/3
f 1846/5/3 1842/5/3 1845/5/3
f 1849/8/3 1844/8/3 1843/8/3
f 1850/8/3 1844/8/3 1849/8/3
f 1851/2/3 1846/2/3 1845/2/3
f 1852/2/3 1846/2/3 1851/2/3
f 1853/2/3 1848/2/3 1847/2/3
f 1854/2/3 1848/2/3 1853/2/3
f 1861/8/3 1856/8/3 1855/8/3
f 1862/7/3 1857/7/3 1856/7/3
f 1862/8/3 1856/8/3 1861/8/3
f 1863/7/3 1857/7/3 1862/7/3
f 1864/1/3 1859/1/3 1858/1/3
f 1865/1/3 1859/1/3 1864/1/3
f 1866/1/3 1859/1/3 1865/1/3
f 1867/7/3 1860/7/3 1859/7/3
f 1867/1/3 1859/1/3 1866/1/3
f 1868/7/3 1860/7/3 1867/7/3
f 1876/8/3 1870/8/3 1869/8/3
f 1877/7/3 1871/7/3 1870/7/3
f 1877/8/3 1870/8/3 1876/8/3
f 1878/1/3 1872/1/3 1871/1/3
f 1878/7/3 1871/7/3 1877/7/3
f 1879/1/3 1872/1/3 1878/1/3
f 1880/1/3 1874/1/3 1873/1/3
f 1881/7/3 1875/7/3 1874/7/3
f 1881/1/3 1874/1/3 1880/1/3
f 1882/7/3 1875/7/3 1881/7/3
f 1885/7/3 1884/7/3 1883/7/3
f 1886/7/3 1884/7/3 1885/7/3
f 1889/7/3 1888/7/3 1887/7/3
f 1890/7/3 1888/7/3 1889/7/3
f 1891/1/3 1890/1/3 1889/1/3
f 1892/1/3 1890/1/3 1891/1/3
f 1893/3/3 1892/3/3 1891/3/3
f 1894/3/3 1893/3/3 1891/3/3
f 1895/3/3 1893/3/3 1894/3/3
f 1896/1/3 1895/1/3 1894/1/3
f 1897/1/3 1895/1/3 1896/1/3
f 1898/1/3 1897/1/3 1896/1/3
f 1899/1/3 1897/1/3 1898/1/3
f 1902/4/3 1901/4/3 1900/4/3
f 1903/4/3 1901/4/3 1902/4/3
f 1906/7/3 1905/7/3 1904/7/3
f 1907/7/3 1905/7/3 1906/7/3
f 1910/7/3 1909/7/3 1908/7/3
f 1911/7/3 1909/7/3 1910/7/3
f 1912/7/4 1913/7/4 1914/7/4
f 1914/7/4 1913/7/4 1915/7/4
f 1916/7/4 1917/7/4 1918/7/4
f 1918/7/4 1917/7/4 1919/7/4
f 1920/7/4 1921/7/4 1922/7/4
f 1922/7/4 1921/7/4 1923/7/4
f 1924/2/4 1925/2/4 1926/2/4
f 1924/2/4 1926/2/4 1927/2/4
f 1924/2/4 1927/2/4 1928/2/4
f 1924/2/4 1928/2/4 1929/2/4
f 1929/2/4 1928/2/4 1930/2/4
f 1931/1/4 1932/1/4 1933/1/4
f 1933/1/4 1932/1/4 1934/1/4
f 1933/3/4 1934/3/4 1935/3/4
f 1935/3/4 1934/3/4 1936/3/4
f 1935/1/4 1936/1/4 1937/1/4
f 1937/1/4 1936/1/4 1938/1/4
f 1937/2/4 1938/2/4 1939/2/4
f 1939/2/4 1938/2/4 1940/2/4
f 1941/7/4 1942/7/4 1943/7/4
f 1943/7/4 1942/7/4 1944/7/4
f 1945/8/4 1946/8/4 1951/8/4
f 1946/7/4 1947/7/4 1952/7/4
f 1951/8/4 1946/8/4 1952/8/4
f 1947/1/4 1948/1/4 1953/1/4
f 1952/7/4 1947/7/4 1953/7/4
f 1953/1/4 1948/1/4 1954/1/4
f 1949/1/4 1950/1/4 1955/1/4
f 1955/1/4 1950/1/4 1956/1/4
f 1956/1/4 1950/1/4 1957/1/4
f 1958/8/4 1959/8/4 1965/8/4
f 1959/7/4 1960/7/4 1966/7/4
f 1965/8/4 1959/8/4 1966/8/4
f 1960/7/4 1961/7/4 1966/7/4
f 1966/7/4 1961/7/4 1967/7/4
f 1962/1/4 1963/1/4 1968/1/4
f 1963/7/4 1964/7/4 1969/7/4
f 1968/1/4 1963/1/4 1969/1/4
f 1969/7/4 1964/7/4 1970/7/4
f 1971/8/4 1972/8/4 1975/8/4
f 1975/8/4 1972/8/4 1976/8/4
f 1973/7/4 1974/7/4 1977/7/4
f 1977/7/4 1974/7/4 1978/7/4
f 1979/5/4 1980/5/4 1983/5/4
f 1983/5/4 1980/5/4 1984/5/4
f 1981/8/4 1982/8/4 1987/8/4
f 1987/8/4 1982/8/4 1988/8/4
f 1983/1/4 1984/1/4 1989/1/4
f 1989/1/4 1984/1/4 1990/1/4
f 1985/7/4 1986/7/4 1991/7/4
f 1991/7/4 1986/7/4 1992/7/4
f 1993/8/4 1994/8/4 1997/8/4
f 1997/8/4 1994/8/4 1998/8/4
f 1995/7/4 1996/7/4 1999/7/4
f 1999/7/4 1996/7/4 2000/7/4
f 2001/8/4 2002/8/4 2005/8/4
f 2005/8/4 2002/8/4 2006/8/4
f 2003/7/4 2004/7/4 2007/7/4
f 2007/7/4 2004/7/4 2008/7/4
f 2009/1/4 2010/1/4 2013/1/4
f 2013/1/4 2010/1/4 2014/1/4
f 2011/1/4 2012/1/4 2015/1/4
f 2015/1/4 2012/1/4 2016/1/4
f 2013/5/4 2014/5/4 2019/5/4
f 2019/5/4 2014/5/4 2020/5/4
f 2015/5/4 2016/5/4 2021/5/4
f 2021/5/4 2016/5/4 2022/5/4
f 2017/8/4 2018/8/4 2025/8/4
f 2025/8/4 2018/8/4 2026/8/4
f 2023/8/4 2024/8/4 2027/8/4
f 2027/8/4 2024/8/4 2028/8/4
f 2028/8/4 2029/8/4 2030/8/4
f 2030/8/4 2029/8/4 2031/8/4
f 2031/8/4 2032/8/4 2033/8/4
f 2033/8/4 2032/8/4 2034/8/4
f 2035/9/4 2036/9/4 2037/9/4
f 2037/9/4 2036/9/4 2038/9/4
f 2039/8/4 2040/8/4 2042/8/4
f 2042/8/4 2040/8/4 2043/8/4
f 2041/8/4 2042/8/4 2047/8/4
f 2047/8/4 2042/8/4 2048/8/4
f 2044/8/4 2045/8/4 2049/8/4
f 2049/8/4 2045/8/4 2050/8/4
f 2046/8/4 2047/8/4 2053/8/4
f 2053/8/4 2047/8/4 2054/8/4
f 2051/5/4 2052/5/4 2055/5/4
f 2055/5/4 2052/5/4 2056/5/4
f 2055/2/4 2056/2/4 2057/2/4
f 2057/2/4 2056/2/4 2058/2/4
f 2059/5/4 2060/5/4 2061/5/4
f 2059/5/4 2061/5/4 2062/5/4
f 2062/5/4 2061/5/4 2063/5/4
f 2063/5/4 2061/5/4 2064/5/4
f 2065/5/4 2066/5/4 2067/5/4
f 2067/5/4 2066/5/4 2068/5/4
f 2067/2/4 2068/2/4 2069/2/4
f 2069/2/4 2068/2/4 2070/2/4
f 2071/5/4 2072/5/4 2073/5/4
f 2071/5/4 2073/5/4 2076/5/4
f 2076/5/4 2073/5/4 2077/5/4
f 2074/5/4 2075/5/4 2078/5/4
f 2078/5/4 2075/5/4 2079/5/4
f 2078/2/4 2079/2/4 2080/2/4
f 2080/2/4 2079/2/4 2081/2/4
f 2082/2/4 2083/2/4 2085/2/4
f 2083/4/4 2084/4/4 2086/4/4
f 2085/2/4 2083/2/4 2086/2/4
f 2086/4/4 2084/4/4 2087/4/4
f 2085/5/4 2086/5/4 2088/5/4
f 2086/5/4 2087/5/4 2088/5/4
f 2088/5/4 2087/5/4 2089/5/4
f 2090/8/4 2091/8/4 2092/8/4
f 2092/8/4 2091/8/4 2093/8/4
f 2094/1/4 2095/1/4 2096/1/4
f 2096/1/4 2095/1/4 2097/1/4
f 2096/5/4 2097/5/4 2098/5/4
f 2098/5/4 2097/5/4 2099/5/4
f 2100/8/4 2101/8/4 2102/8/4
f 2102/8/4 2101/8/4 2103/8/4
f 2104/8/4 2105/8/4 2106/8/4
f 2106/8/4 2105/8/4 2107/8/4
f 2108/5/4 2109/5/4 2110/5/4
f 2110/5/4 2109/5/4 2111/5/4
f 2110/2/4 2111/2/4 2112/2/4
f 2112/2/4 2111/2/4 2113/2/4
f 2114/8/4 2115/8/4 2119/8/4
f 2119/8/4 2115/8/4 2120/8/4
f 2116/7/4 2117/7/4 2121/7/4
f 2121/7/4 2117/7/4 2122/7/4
f 2118/8/4 2119/8/4 2125/8/4
f 2125/8/4 2119/8/4 2126/8/4
f 2122/7/4 2123/7/4 2127/7/4
f 2127/7/4 2123/7/4 2128/7/4
f 2124/8/4 2125/8/4 2131/8/4
f 2131/8/4 2125/8/4 2132/8/4
f 2128/8/4 2129/8/4 2134/8/4
f 2134/8/4 2129/8/4 2135/8/4
f 2130/8/4 2131/8/4 2136/8/4
f 2133/8/4 2134/8/4 2137/8/4
f 2130/8/4 2136/8/4 2138/8/4
f 2137/8/4 2134/8/4 2139/8/4
f 2130/8/4 2138/8/4 2140/8/4
f 2140/8/4 2138/8/4 2141/8/4
f 2139/8/4 2134/8/4 2143/8/4
f 2143/8/4 2134/8/4 2144/8/4
f 2141/8/4 2142/8/4 2146/8/4
f 2146/8/4 2142/8/4 2147/8/4
f 2144/8/4 2145/8/4 2150/8/4
f 2150/8/4 2145/8/4 2151/8/4
f 2147/8/4 2148/8/4 2152/8/4
f 2152/8/4 2148/8/4 2153/8/4
f 2149/8/4 2150/8/4 2156/8/4
f 2156/8/4 2150/8/4 2157/8/4
f 2153/8/4 2154/8/4 2158/8/4
f 2158/8/4 2154/8/4 2159/8/4
f 2155/8/4 2156/8/4 2162/8/4
f 2162/8/4 2156/8/4 2163/8/4
f 2160/5/4 2161/5/4 2164/5/4
f 2164/5/4 2161/5/4 2165/5/4
f 2164/2/4 2165/2/4 2166/2/4
f 2166/2/4 2165/2/4 2167/2/4
f 2168/8/4 2169/8/4 2172/8/4
f 2172/8/4 2169/8/4 2173/8/4
f 2170/7/4 2171/7/4 2174/7/4
f 2174/7/4 2171/7/4 2175/7/4
f 2176/7/4 2177/7/4 2181/7/4
f 2181/7/4 2177/7/4 2182/7/4
f 2178/8/4 2179/8/4 2183/8/4
f 2183/8/4 2179/8/4 2184/8/4
f 2180/8/4 2181/8/4 2187/8/4
f 2187/8/4 2181/8/4 2188/8/4
f 2184/7/4 2185/7/4 2191/7/4
f 2191/7/4 2185/7/4 2192/7/4
f 2186/8/4 2187/8/4 2193/8/4
f 2188/7/4 2189/7/4 2194/7/4
f 2193/8/4 2187/8/4 2194/8/4
f 2187/7/4 2188/7/4 2194/7/4
f 2194/7/4 2189/7/4 2195/7/4
f 2190/7/4 2191/7/4 2196/7/4
f 2196/7/4 2191/7/4 2197/7/4
f 2196/8/4 2197/8/4 2198/8/4
f 2198/8/4 2197/8/4 2199/8/4
f 2194/7/4 2195/7/4 2200/7/4
f 2193/7/4 2194/7/4 2200/7/4
f 2200/7/4 2195/7/4 2201/7/4
f 2201/7/4 2195/7/4 2202/7/4
f 2199/8/4 2197/8/4 2203/8/4
f 2203/8/4 2197/8/4 2204/8/4
f 2200/8/4 2201/8/4 2205/8/4
f 2201/7/4 2202/7/4 2206/7/4
f 2205/8/4 2201/8/4 2206/8/4
f 2206/7/4 2202/7/4 2207/7/4
f 2207/7/4 2202/7/4 2208/7/4
f 2203/7/4 2204/7/4 2209/7/4
f 2209/7/4 2204/7/4 2210/7/4
f 2206/8/4 2207/8/4 2212/8/4
f 2212/8/4 2207/8/4 2213/8/4
f 2210/8/4 2211/8/4 2216/8/4
f 2216/8/4 2211/8/4 2217/8/4
f 2213/7/4 2214/7/4 2218/7/4
f 2218/7/4 2214/7/4 2219/7/4
f 2215/8/4 2216/8/4 2220/8/4
f 2220/8/4 2216/8/4 2221/8/4
f 2222/8/4 2223/8/4 2226/8/4
f 2226/8/4 2223/8/4 2227/8/4
f 2224/7/4 2225/7/4 2228/7/4
f 2228/7/4 2225/7/4 2229/7/4
f 2230/8/4 2231/8/4 2236/8/4
f 2236/8/4 2231/8/4 2237/8/4
f 2232/1/4 2233/1/4 2238/1/4
f 2238/1/4 2233/1/4 2239/1/4
f 2234/7/4 2235/7/4 2240/7/4
f 2240/7/4 2235/7/4 2241/7/4
f 2242/7/4 2243/7/4 2246/7/4
f 2246/7/4 2243/7/4 2247/7/4
f 2244/8/4 2245/8/4 2250/8/4
f 2250/8/4 2245/8/4 2251/8/4
f 2248/6/4 2249/6/4 2255/6/4
f 2255/6/4 2249/6/4 2256/6/4
f 2252/8/4 2253/8/4 2260/8/4
f 2253/7/4 2254/7/4 2261/7/4
f 2260/8/4 2253/8/4 2261/8/4
f 2261/7/4 2254/7/4 2262/7/4
f 2257/4/4 2258/4/4 2263/4/4
f 2258/7/4 2259/7/4 2264/7/4
f 2263/4/4 2258/4/4 2264/4/4
f 2264/7/4 2259/7/4 2265/7/4
f 2261/3/4 2262/3/4 2266/3/4
f 2266/3/4 2262/3/4 2267/3/4
f 2263/7/4 2264/7/4 2270/7/4
f 2266/7/4 2267/7/4 2271/7/4
f 2268/6/4 2269/6/4 2272/6/4
f 2272/6/4 2269/6/4 2273/6/4
f 2270/7/4 2264/7/4 2274/7/4
f 2274/7/4 2264/7/4 2275/7/4
f 2274/8/4 2275/8/4 2276/8/4
f 2276/8/4 2275/8/4 2277/8/4
f 2266/7/4 2271/7/4 2278/7/4
f 2278/7/4 2271/7/4 2279/7/4
f 2278/4/4 2279/4/4 2283/4/4
f 2283/4/4 2279/4/4 2284/4/4
f 2276/7/4 2277/7/4 2285/7/4
f 2285/7/4 2277/7/4 2286/7/4
f 2282/8/4 2283/8/4 2288/8/4
f 2283/7/4 2284/7/4 2289/7/4
f 2288/8/4 2283/8/4 2289/8/4
f 2289/7/4 2284/7/4 2290/7/4
f 2285/7/4 2286/7/4 2291/7/4
f 2286/8/4 2287/8/4 2292/8/4
f 2291/7/4 2286/7/4 2292/7/4
f 2292/8/4 2287/8/4 2293/8/4
f 2280/6/4 2281/6/4 2296/6/4
f 2296/6/4 2281/6/4 2297/6/4
f 2294/7/4 2295/7/4 2300/7/4
f 2300/7/4 2295/7/4 2301/7/4
f 2298/8/4 2299/8/4 2302/8/4
f 2302/8/4 2299/8/4 2303/8/4
f 2304/8/4 2305/8/4 2310/8/4
f 2310/8/4 2305/8/4 2311/8/4
f 2306/7/4 2307/7/4 2312/7/4
f 2312/7/4 2307/7/4 2313/7/4
f 2308/2/4 2309/2/4 2314/2/4
f 2314/2/4 2309/2/4 2315/2/4
f 2316/8/4 2317/8/4 2322/8/4
f 2317/7/4 2318/7/4 2323/7/4
f 2322/8/4 2317/8/4 2323/8/4
f 2323/7/4 2318/7/4 2324/7/4
f 2324/7/4 2318/7/4 2325/7/4
f 2319/1/4 2320/1/4 2326/1/4
f 2320/7/4 2321/7/4 2327/7/4
f 2326/1/4 2320/1/4 2327/1/4
f 2327/7/4 2321/7/4 2328/7/4
f 2329/7/4 2330/7/4 2333/7/4
f 2333/7/4 2330/7/4 2334/7/4
f 2331/8/4 2332/8/4 2335/8/4
f 2335/8/4 2332/8/4 2336/8/4
f 2337/8/4 2338/8/4 2343/8/4
f 2338/7/4 2339/7/4 2344/7/4
f 2343/8/4 2338/8/4 2344/8/4
f 2344/7/4 2339/7/4 2345/7/4
f 2340/7/4 2341/7/4 2346/7/4
f 2341/7/4 2342/7/4 2346/7/4
f 2346/7/4 2342/7/4 2347/7/4
f 2344/3/4 2345/3/4 2348/3/4
f 2340/7/4 2346/7/4 2349/7/4
f 2349/7/4 2346/7/4 2350/7/4
f 2344/3/4 2348/3/4 2351/3/4
f 2351/3/4 2348/3/4 2352/3/4
f 2349/2/4 2350/2/4 2353/2/4
f 2353/2/4 2350/2/4 2354/2/4
f 2351/7/4 2352/7/4 2355/7/4
f 2355/7/4 2352/7/4 2356/7/4
f 2353/7/4 2354/7/4 2357/7/4
f 2357/7/4 2354/7/4 2358/7/4
f 2355/3/4 2356/3/4 2359/3/4
f 2357/8/4 2358/8/4 2360/8/4
f 2360/8/4 2358/8/4 2361/8/4
f 2355/3/4 2359/3/4 2362/3/4
f 2362/3/4 2359/3/4 2363/3/4
f 2360/7/4 2361/7/4 2364/7/4
f 2364/7/4 2361/7/4 2365/7/4
f 2362/2/4 2363/2/4 2367/2/4
f 2367/2/4 2363/2/4 2368/2/4
f 2364/8/4 2365/8/4 2369/8/4
f 2369/8/4 2365/8/4 2370/8/4
f 2366/8/4 2367/8/4 2372/8/4
f 2367/7/4 2368/7/4 2373/7/4
f 2372/8/4 2367/8/4 2373/8/4
f 2373/7/4 2368/7/4 2374/7/4
f 2369/7/4 2370/7/4 2375/7/4
f 2370/7/4 2371/7/4 2375/7/4
f 2375/7/4 2371/7/4 2376/7/4
f 2376/7/4 2371/7/4 2377/7/4
f 2378/7/4 2379/7/4 2382/7/4
f 2382/7/4 2379/7/4 2383/7/4
f 2380/8/4 2381/8/4 2384/8/4
f 2384/8/4 2381/8/4 2385/8/4
f 2386/8/4 2387/8/4 2393/8/4
f 2387/7/4 2388/7/4 2394/7/4
f 2393/8/4 2387/8/4 2394/8/4
f 2388/1/4 2389/1/4 2395/1/4
f 2394/7/4 2388/7/4 2395/7/4
f 2395/1/4 2389/1/4 2396/1/4
f 2390/1/4 2391/1/4 2397/1/4
f 2391/7/4 2392/7/4 2398/7/4
f 2397/1/4 2391/1/4 2398/1/4
f 2398/7/4 2392/7/4 2399/7/4
f 2400/7/4 2401/7/4 2403/7/4
f 2403/7/4 2401/7/4 2404/7/4
f 2401/1/4 2402/1/4 2405/1/4
f 2404/7/4 2401/7/4 2405/7/4
f 2405/1/4 2402/1/4 2406/1/4
f 2406/1/4 2402/1/4 2407/1/4
f 2407/1/4 2402/1/4 2408/1/4
f 2408/1/4 2402/1/4 2409/1/4
f 2409/1/4 2402/1/4 2410/1/4
f 2410/1/4 2402/1/4 2411/1/4
f 2411/1/4 2402/1/4 2412/1/4
f 2412/1/4 2402/1/4 2413/1/4
f 2406/7/4 2407/7/4 2419/7/4
f 2407/1/4 2408/1/4 2420/1/4
f 2419/7/4 2407/7/4 2420/7/4
f 2408/2/4 2409/2/4 2421/2/4
f 2420/1/4 2408/1/4 2421/1/4
f 2409/1/4 2410/1/4 2422/1/4
f 2421/2/4 2409/2/4 2422/2/4
f 2410/2/4 2411/2/4 2423/2/4
f 2422/1/4 2410/1/4 2423/1/4
f 2423/2/4 2411/2/4 2424/2/4
f 2414/8/4 2415/8/4 2429/8/4
f 2415/7/4 2416/7/4 2430/7/4
f 2429/8/4 2415/8/4 2430/8/4
f 2416/7/4 2417/7/4 2430/7/4
f 2417/3/4 2418/3/4 2431/3/4
f 2430/7/4 2417/7/4 2431/7/4
f 2421/2/4 2422/2/4 2432/2/4
f 2420/2/4 2421/2/4 2432/2/4
f 2418/2/4 2419/2/4 2432/2/4
f 2424/2/4 2425/2/4 2432/2/4
f 2423/2/4 2424/2/4 2432/2/4
f 2422/2/4 2423/2/4 2432/2/4
f 2419/2/4 2420/2/4 2432/2/4
f 2425/2/4 2426/2/4 2432/2/4
f 2432/2/4 2426/2/4 2433/2/4
f 2433/2/4 2426/2/4 2434/2/4
f 2434/2/4 2426/2/4 2435/2/4
f 2426/1/4 2427/1/4 2436/1/4
f 2435/2/4 2426/2/4 2436/2/4
f 2427/7/4 2428/7/4 2437/7/4
f 2436/1/4 2427/1/4 2437/1/4
f 2437/7/4 2428/7/4 2438/7/4
f 2431/3/4 2418/3/4 2439/3/4
f 2418/2/4 2432/2/4 2439/2/4
f 2439/2/4 2432/2/4 2440/2/4
f 2440/2/4 2432/2/4 2441/2/4
f 2433/2/4 2434/2/4 2442/2/4
f 2434/1/4 2435/1/4 2443/1/4
f 2442/2/4 2434/2/4 2443/2/4
f 2435/2/4 2436/2/4 2444/2/4
f 2443/1/4 2435/1/4 2444/1/4
f 2430/1/4 2431/1/4 2445/1/4
f 2431/3/4 2439/3/4 2446/3/4
f 2445/1/4 2431/1/4 2446/1/4
f 2439/3/4 2440/3/4 2446/3/4
f 2446/3/4 2440/3/4 2447/3/4
f 2441/2/4 2442/2/4 2448/2/4
f 2442/2/4 2443/2/4 2448/2/4
f 2440/2/4 2441/2/4 2448/2/4
f 2443/2/4 2444/2/4 2448/2/4
f 2448/2/4 2444/2/4 2449/2/4
f 2444/2/4 2436/2/4 2450/2/4
f 2449/2/4 2444/2/4 2450/2/4
f 2436/4/4 2437/4/4 2450/4/4
f 2450/4/4 2437/4/4 2451/4/4
f 2446/2/4 2447/2/4 2452/2/4
f 2445/3/4 2446/3/4 2452/3/4
f 2447/3/4 2440/3/4 2453/3/4
f 2452/2/4 2447/2/4 2453/2/4
f 2440/2/4 2448/2/4 2454/2/4
f 2453/3/4 2440/3/4 2454/3/4
f 2448/1/4 2449/1/4 2455/1/4
f 2454/2/4 2448/2/4 2455/2/4
f 2455/1/4 2449/1/4 2456/1/4
f 2449/2/4 2450/2/4 2457/2/4
f 2456/1/4 2449/1/4 2457/1/4
f 2450/1/4 2451/1/4 2458/1/4
f 2457/2/4 2450/2/4 2458/2/4
f 2458/1/4 2451/1/4 2459/1/4
f 2445/3/4 2452/3/4 2460/3/4
f 2452/1/4 2453/1/4 2461/1/4
f 2460/3/4 2452/3/4 2461/3/4
f 2461/1/4 2453/1/4 2462/1/4
f 2455/1/4 2456/1/4 2463/1/4
f 2454/1/4 2455/1/4 2463/1/4
f 2456/2/4 2457/2/4 2464/2/4
f 2457/2/4 2458/2/4 2464/2/4
f 2458/7/4 2459/7/4 2465/7/4
f 2464/2/4 2458/2/4 2465/2/4
f 2445/3/4 2460/3/4 2466/3/4
f 2462/1/4 2463/1/4 2467/1/4
f 2466/3/4 2460/3/4 2467/3/4
f 2461/1/4 2462/1/4 2467/1/4
f 2460/1/4 2461/1/4 2467/1/4
f 2467/1/4 2463/1/4 2468/1/4
f 2463/1/4 2456/1/4 2469/1/4
f 2468/1/4 2463/1/4 2469/1/4
f 2456/2/4 2464/2/4 2470/2/4
f 2469/1/4 2456/1/4 2470/1/4
f 2464/1/4 2465/1/4 2471/1/4
f 2470/2/4 2464/2/4 2471/2/4
f 2467/1/4 2468/1/4 2472/1/4
f 2466/1/4 2467/1/4 2472/1/4
f 2468/2/4 2469/2/4 2473/2/4
f 2472/1/4 2468/1/4 2473/1/4
f 2473/2/4 2469/2/4 2474/2/4
f 2469/1/4 2470/1/4 2475/1/4
f 2470/1/4 2471/1/4 2475/1/4
f 2471/1/4 2465/1/4 2476/1/4
f 2475/1/4 2471/1/4 2476/1/4
f 2466/1/4 2472/1/4 2477/1/4
f 2477/1/4 2472/1/4 2478/1/4
f 2474/2/4 2469/2/4 2479/2/4
f 2469/1/4 2475/1/4 2479/1/4
f 2479/1/4 2475/1/4 2480/1/4
f 2476/1/4 2465/1/4 2481/1/4
f 2465/7/4 2459/7/4 2482/7/4
f 2481/1/4 2465/1/4 2482/1/4
f 2482/7/4 2459/7/4 2483/7/4
f 2477/7/4 2478/7/4 2485/7/4
f 2478/1/4 2472/1/4 2486/1/4
f 2473/3/4 2474/3/4 2486/3/4
f 2472/3/4 2473/3/4 2486/3/4
f 2486/3/4 2474/3/4 2487/3/4
f 2479/2/4 2480/2/4 2488/2/4
f 2487/3/4 2474/3/4 2488/3/4
f 2474/2/4 2479/2/4 2488/2/4
f 2488/2/4 2480/2/4 2489/2/4
f 2481/2/4 2482/2/4 2490/2/4
f 2482/2/4 2483/2/4 2490/2/4
f 2490/2/4 2483/2/4 2491/2/4
f 2484/8/4 2485/8/4 2493/8/4
f 2485/7/4 2478/7/4 2494/7/4
f 2493/8/4 2485/8/4 2494/8/4
f 2478/1/4 2486/1/4 2495/1/4
f 2494/7/4 2478/7/4 2495/7/4
f 2486/4/4 2487/4/4 2496/4/4
f 2495/1/4 2486/1/4 2496/1/4
f 2490/2/4 2491/2/4 2497/2/4
f 2496/4/4 2487/4/4 2497/4/4
f 2489/2/4 2490/2/4 2497/2/4
f 2487/2/4 2488/2/4 2497/2/4
f 2488/2/4 2489/2/4 2497/2/4
f 2497/2/4 2491/2/4 2498/2/4
f 2498/2/4 2491/2/4 2499/2/4
f 2499/2/4 2491/2/4 2500/2/4
f 2500/2/4 2491/2/4 2501/2/4
f 2501/2/4 2491/2/4 2502/2/4
f 2502/2/4 2491/2/4 2503/2/4
f 2491/7/4 2492/7/4 2504/7/4
f 2503/2/4 2491/2/4 2504/2/4
f 2504/7/4 2492/7/4 2505/7/4
f 2498/2/4 2499/2/4 2510/2/4
f 2499/1/4 2500/1/4 2511/1/4
f 2510/2/4 2499/2/4 2511/2/4
f 2500/2/4 2501/2/4 2512/2/4
f 2511/1/4 2500/1/4 2512/1/4
f 2512/2/4 2501/2/4 2513/2/4
f 2506/7/4 2507/7/4 2517/7/4
f 2508/4/4 2509/4/4 2518/4/4
f 2517/7/4 2507/7/4 2518/7/4
f 2507/4/4 2508/4/4 2518/4/4
f 2510/1/4 2511/1/4 2519/1/4
f 2518/4/4 2509/4/4 2519/4/4
f 2509/1/4 2510/1/4 2519/1/4
f 2513/1/4 2514/1/4 2519/1/4
f 2512/1/4 2513/1/4 2519/1/4
f 2511/1/4 2512/1/4 2519/1/4
f 2515/1/4 2516/1/4 2519/1/4
f 2514/1/4 2515/1/4 2519/1/4
f 2519/1/4 2516/1/4 2520/1/4
f 2521/8/4 2522/8/4 2528/8/4
f 2522/7/4 2523/7/4 2529/7/4
f 2528/8/4 2522/8/4 2529/8/4
f 2523/2/4 2524/2/4 2530/2/4
f 2529/7/4 2523/7/4 2530/7/4
f 2530/2/4 2524/2/4 2531/2/4
f 2525/2/4 2526/2/4 2532/2/4
f 2526/7/4 2527/7/4 2533/7/4
f 2532/2/4 2526/2/4 2533/2/4
f 2533/7/4 2527/7/4 2534/7/4
f 2535/8/4 2536/8/4 2543/8/4
f 2536/7/4 2537/7/4 2544/7/4
f 2543/8/4 2536/8/4 2544/8/4
f 2537/2/4 2538/2/4 2545/2/4
f 2544/7/4 2537/7/4 2545/7/4
f 2545/2/4 2538/2/4 2546/2/4
f 2539/2/4 2540/2/4 2547/2/4
f 2540/7/4 2541/7/4 2548/7/4
f 2547/2/4 2540/2/4 2548/2/4
f 2541/2/4 2542/2/4 2549/2/4
f 2548/7/4 2541/7/4 2549/7/4
f 2549/2/4 2542/2/4 2550/2/4
f 2553/8/5 2552/8/5 2551/8/5
f 2554/8/5 2552/8/5 2553/8/5
f 2560/8/5 2556/8/5 2555/8/5
f 2561/7/5 2557/7/5 2556/7/5
f 2561/8/5 2556/8/5 2560/8/5
f 2562/8/5 2558/8/5 2557/8/5
f 2562/7/5 2557/7/5 2561/7/5
f 2563/8/5 2558/8/5 2562/8/5
f 2565/8/5 2560/8/5 2559/8/5
f 2566/8/5 2560/8/5 2565/8/5
f 2567/8/5 2564/8/5 2563/8/5
f 2568/8/5 2564/8/5 2567/8/5
f 2569/7/5 2566/7/5 2565/7/5
f 2570/7/5 2566/7/5 2569/7/5
f 2571/7/5 2568/7/5 2567/7/5
f 2572/7/5 2568/7/5 2571/7/5
f 2573/8/5 2570/8/5 2569/8/5
f 2574/8/5 2570/8/5 2573/8/5
f 2577/8/5 2572/8/5 2571/8/5
f 2578/8/5 2572/8/5 2577/8/5
f 2579/8/5 2575/8/5 2574/8/5
f 2580/7/5 2576/7/5 2575/7/5
f 2580/8/5 2575/8/5 2579/8/5
f 2581/8/5 2577/8/5 2576/8/5
f 2581/7/5 2576/7/5 2580/7/5
f 2582/8/5 2577/8/5 2581/8/5
f 2588/8/5 2584/8/5 2583/8/5
f 2589/7/5 2585/7/5 2584/7/5
f 2589/8/5 2584/8/5 2588/8/5
f 2590/7/5 2585/7/5 2589/7/5
f 2591/7/5 2585/7/5 2590/7/5
f 2592/8/5 2586/8/5 2585/8/5
f 2592/7/5 2585/7/5 2591/7/5
f 2593/8/5 2586/8/5 2592/8/5
f 2595/8/5 2588/8/5 2587/8/5
f 2596/2/5 2589/2/5 2588/2/5
f 2596/8/5 2588/8/5 2595/8/5
f 2597/2/5 2589/2/5 2596/2/5
f 2598/4/5 2593/4/5 2592/4/5
f 2599/8/5 2594/8/5 2593/8/5
f 2599/4/5 2593/4/5 2598/4/5
f 2600/8/5 2594/8/5 2599/8/5
f 2601/7/5 2596/7/5 2595/7/5
f 2602/7/5 2600/7/5 2599/7/5
f 2603/7/5 2601/7/5 2595/7/5
f 2604/7/5 2601/7/5 2603/7/5
f 2605/7/5 2600/7/5 2602/7/5
f 2606/7/5 2600/7/5 2605/7/5
f 2607/8/5 2604/8/5 2603/8/5
f 2608/8/5 2604/8/5 2607/8/5
f 2611/8/5 2606/8/5 2605/8/5
f 2612/8/5 2606/8/5 2611/8/5
f 2613/8/5 2609/8/5 2608/8/5
f 2614/8/5 2609/8/5 2613/8/5
f 2615/8/5 2611/8/5 2610/8/5
f 2616/8/5 2611/8/5 2615/8/5
f 2622/8/5 2618/8/5 2617/8/5
f 2623/8/5 2618/8/5 2622/8/5
f 2624/8/5 2620/8/5 2619/8/5
f 2625/8/5 2620/8/5 2624/8/5
f 2628/7/5 2622/7/5 2621/7/5
f 2629/7/5 2622/7/5 2628/7/5
f 2630/7/5 2626/7/5 2625/7/5
f 2631/7/5 2626/7/5 2630/7/5
f 2633/8/5 2628/8/5 2627/8/5
f 2634/8/5 2628/8/5 2633/8/5
f 2635/8/5 2632/8/5 2631/8/5
f 2636/8/5 2632/8/5 2635/8/5
f 2641/8/5 2638/8/5 2637/8/5
f 2642/8/5 2638/8/5 2641/8/5
f 2645/8/5 2640/8/5 2639/8/5
f 2646/8/5 2640/8/5 2645/8/5
f 2647/7/5 2643/7/5 2642/7/5
f 2648/7/5 2643/7/5 2647/7/5
f 2651/7/5 2645/7/5 2644/7/5
f 2652/7/5 2645/7/5 2651/7/5
f 2653/8/5 2649/8/5 2648/8/5
f 2654/8/5 2649/8/5 2653/8/5
f 2655/8/5 2651/8/5 2650/8/5
f 2656/8/5 2651/8/5 2655/8/5
f 2662/8/5 2658/8/5 2657/8/5
f 2663/8/5 2658/8/5 2662/8/5
f 2670/8/5 2660/8/5 2659/8/5
f 2671/8/5 2660/8/5 2670/8/5
f 2674/7/5 2662/7/5 2661/7/5
f 2675/2/5 2663/2/5 2662/2/5
f 2675/7/5 2662/7/5 2674/7/5
f 2676/2/5 2663/2/5 2675/2/5
f 2677/7/5 2665/7/5 2664/7/5
f 2678/2/5 2666/2/5 2665/2/5
f 2678/7/5 2665/7/5 2677/7/5
f 2679/7/5 2667/7/5 2666/7/5
f 2679/2/5 2666/2/5 2678/2/5
f 2680/1/5 2668/1/5 2667/1/5
f 2680/7/5 2667/7/5 2679/7/5
f 2681/7/5 2669/7/5 2668/7/5
f 2681/1/5 2668/1/5 2680/1/5
f 2682/7/5 2669/7/5 2681/7/5
f 2683/3/5 2671/3/5 2670/3/5
f 2684/7/5 2672/7/5 2671/7/5
f 2684/3/5 2671/3/5 2683/3/5
f 2685/7/5 2672/7/5 2684/7/5
f 2687/8/5 2674/8/5 2673/8/5
f 2688/2/5 2675/2/5 2674/2/5
f 2688/8/5 2674/8/5 2687/8/5
f 2689/2/5 2675/2/5 2688/2/5
f 2690/3/5 2685/3/5 2684/3/5
f 2691/8/5 2686/8/5 2685/8/5
f 2691/3/5 2685/3/5 2690/3/5
f 2692/8/5 2686/8/5 2691/8/5
f 2697/1/5 2694/1/5 2693/1/5
f 2698/1/5 2694/1/5 2697/1/5
f 2699/7/5 2696/7/5 2695/7/5
f 2700/7/5 2696/7/5 2699/7/5
f 2701/7/5 2698/7/5 2697/7/5
f 2702/7/5 2698/7/5 2701/7/5
f 2703/1/5 2700/1/5 2699/1/5
f 2704/1/5 2700/1/5 2703/1/5
f 2711/8/5 2706/8/5 2705/8/5
f 2712/3/5 2707/3/5 2706/3/5
f 2712/8/5 2706/8/5 2711/8/5
f 2713/3/5 2707/3/5 2712/3/5
f 2720/4/5 2709/4/5 2708/4/5
f 2721/8/5 2710/8/5 2709/8/5
f 2721/4/5 2709/4/5 2720/4/5
f 2722/8/5 2710/8/5 2721/8/5
f 2723/7/5 2713/7/5 2712/7/5
f 2724/3/5 2714/3/5 2713/3/5
f 2724/7/5 2713/7/5 2723/7/5
f 2725/3/5 2714/3/5 2724/3/5
f 2726/3/5 2716/3/5 2715/3/5
f 2727/7/5 2717/7/5 2716/7/5
f 2727/3/5 2716/3/5 2726/3/5
f 2728/4/5 2718/4/5 2717/4/5
f 2728/7/5 2717/7/5 2727/7/5
f 2729/4/5 2718/4/5 2728/4/5
f 2730/2/5 2720/2/5 2719/2/5
f 2731/7/5 2721/7/5 2720/7/5
f 2731/2/5 2720/2/5 2730/2/5
f 2732/7/5 2721/7/5 2731/7/5
f 2733/8/5 2725/8/5 2724/8/5
f 2734/8/5 2725/8/5 2733/8/5
f 2735/8/5 2731/8/5 2730/8/5
f 2736/8/5 2731/8/5 2735/8/5
f 2742/8/5 2738/8/5 2737/8/5
f 2743/8/5 2738/8/5 2742/8/5
f 2750/8/5 2740/8/5 2739/8/5
f 2751/8/5 2740/8/5 2750/8/5
f 2754/7/5 2742/7/5 2741/7/5
f 2755/2/5 2743/2/5 2742/2/5
f 2755/7/5 2742/7/5 2754/7/5
f 2756/2/5 2743/2/5 2755/2/5
f 2757/2/5 2745/2/5 2744/2/5
f 2758/7/5 2746/7/5 2745/7/5
f 2758/2/5 2745/2/5 2757/2/5
f 2759/2/5 2747/2/5 2746/2/5
f 2759/7/5 2746/7/5 2758/7/5
f 2760/2/5 2747/2/5 2759/2/5
f 2761/2/5 2747/2/5 2760/2/5
f 2762/7/5 2748/7/5 2747/7/5
f 2762/2/5 2747/2/5 2761/2/5
f 2763/3/5 2749/3/5 2748/3/5
f 2763/7/5 2748/7/5 2762/7/5
f 2764/3/5 2749/3/5 2763/3/5
f 2765/3/5 2751/3/5 2750/3/5
f 2766/7/5 2752/7/5 2751/7/5
f 2766/3/5 2751/3/5 2765/3/5
f 2767/7/5 2752/7/5 2766/7/5
f 2769/8/5 2754/8/5 2753/8/5
f 2770/3/5 2755/3/5 2754/3/5
f 2770/8/5 2754/8/5 2769/8/5
f 2771/3/5 2755/3/5 2770/3/5
f 2772/2/5 2767/2/5 2766/2/5
f 2773/8/5 2768/8/5 2767/8/5
f 2773/2/5 2767/2/5 2772/2/5
f 2774/8/5 2768/8/5 2773/8/5
f 2779/3/5 2776/3/5 2775/3/5
f 2780/7/5 2778/7/5 2777/7/5
f 2781/7/5 2778/7/5 2780/7/5
f 2782/3/5 2779/3/5 2775/3/5
f 2783/3/5 2779/3/5 2782/3/5
f 2784/1/5 2783/1/5 2782/1/5
f 2785/2/5 2781/2/5 2780/2/5
f 2786/2/5 2781/2/5 2785/2/5
f 2787/1/5 2784/1/5 2782/1/5
f 2788/1/5 2784/1/5 2787/1/5
f 2789/7/5 2786/7/5 2785/7/5
f 2790/7/5 2786/7/5 2789/7/5
f 2791/3/5 2788/3/5 2787/3/5
f 2792/3/5 2788/3/5 2791/3/5
f 2793/1/5 2790/1/5 2789/1/5
f 2794/7/5 2792/7/5 2791/7/5
f 2795/7/5 2792/7/5 2794/7/5
f 2796/1/5 2790/1/5 2793/1/5
f 2797/1/5 2790/1/5 2796/1/5
f 2804/8/5 2799/8/5 2798/8/5
f 2805/3/5 2800/3/5 2799/3/5
f 2805/8/5 2799/8/5 2804/8/5
f 2806/3/5 2800/3/5 2805/3/5
f 2816/2/5 2802/2/5 2801/2/5
f 2817/8/5 2803/8/5 2802/8/5
f 2817/2/5 2802/2/5 2816/2/5
f 2818/8/5 2803/8/5 2817/8/5
f 2819/7/5 2806/7/5 2805/7/5
f 2820/3/5 2807/3/5 2806/3/5
f 2820/7/5 2806/7/5 2819/7/5
f 2821/3/5 2807/3/5 2820/3/5
f 2822/3/5 2809/3/5 2808/3/5
f 2822/3/5 2810/3/5 2809/3/5
f 2823/7/5 2811/7/5 2810/7/5
f 2823/3/5 2810/3/5 2822/3/5
f 2824/3/5 2812/3/5 2811/3/5
f 2824/7/5 2811/7/5 2823/7/5
f 2824/3/5 2813/3/5 2812/3/5
f 2825/2/5 2814/2/5 2813/2/5
f 2825/3/5 2813/3/5 2824/3/5
f 2826/2/5 2814/2/5 2825/2/5
f 2827/2/5 2816/2/5 2815/2/5
f 2828/7/5 2817/7/5 2816/7/5
f 2828/2/5 2816/2/5 2827/2/5
f 2829/7/5 2817/7/5 2828/7/5
f 2830/8/5 2821/8/5 2820/8/5
f 2831/8/5 2821/8/5 2830/8/5
f 2832/8/5 2828/8/5 2827/8/5
f 2833/8/5 2828/8/5 2832/8/5
f 2839/8/5 2835/8/5 2834/8/5
f 2840/8/5 2835/8/5 2839/8/5
f 2847/8/5 2837/8/5 2836/8/5
f 2848/8/5 2837/8/5 2847/8/5
f 2851/7/5 2839/7/5 2838/7/5
f 2852/1/5 2840/1/5 2839/1/5
f 2852/7/5 2839/7/5 2851/7/5
f 2853/1/5 2840/1/5 2852/1/5
f 2854/2/5 2842/2/5 2841/2/5
f 2855/2/5 2842/2/5 2854/2/5
f 2856/2/5 2842/2/5 2855/2/5
f 2857/1/5 2843/1/5 2842/1/5
f 2857/2/5 2842/2/5 2856/2/5
f 2858/2/5 2844/2/5 2843/2/5
f 2858/1/5 2843/1/5 2857/1/5
f 2859/1/5 2845/1/5 2844/1/5
f 2859/2/5 2844/2/5 2858/2/5
f 2860/3/5 2846/3/5 2845/3/5
f 2860/1/5 2845/1/5 2859/1/5
f 2861/3/5 2846/3/5 2860/3/5
f 2862/3/5 2846/3/5 2861/3/5
f 2863/1/5 2848/1/5 2847/1/5
f 2864/7/5 2849/7/5 2848/7/5
f 2864/1/5 2848/1/5 2863/1/5
f 2865/7/5 2849/7/5 2864/7/5
f 2867/8/5 2851/8/5 2850/8/5
f 2868/1/5 2852/1/5 2851/1/5
f 2868/8/5 2851/8/5 2867/8/5
f 2869/1/5 2852/1/5 2868/1/5
f 2870/1/5 2865/1/5 2864/1/5
f 2871/8/5 2866/8/5 2865/8/5
f 2871/1/5 2865/1/5 2870/1/5
f 2872/8/5 2866/8/5 2871/8/5
f 2877/1/5 2874/1/5 2873/1/5
f 2878/2/5 2876/2/5 2875/2/5
f 2879/2/5 2876/2/5 2878/2/5
f 2880/1/5 2877/1/5 2873/1/5
f 2881/1/5 2877/1/5 2880/1/5
f 2882/7/5 2879/7/5 2878/7/5
f 2883/7/5 2879/7/5 2882/7/5
f 2884/3/5 2881/3/5 2880/3/5
f 2885/3/5 2881/3/5 2884/3/5
f 2886/2/5 2883/2/5 2882/2/5
f 2887/2/5 2883/2/5 2886/2/5
f 2888/1/5 2885/1/5 2884/1/5
f 2889/1/5 2885/1/5 2888/1/5
f 2890/1/5 2887/1/5 2886/1/5
f 2891/1/5 2887/1/5 2890/1/5
f 2892/2/5 2889/2/5 2888/2/5
f 2893/2/5 2891/2/5 2890/2/5
f 2894/2/5 2891/2/5 2893/2/5
f 2895/2/5 2892/2/5 2888/2/5
f 2896/2/5 2892/2/5 2895/2/5
f 2897/1/5 2894/1/5 2893/1/5
f 2898/1/5 2894/1/5 2897/1/5
f 2899/1/5 2896/1/5 2895/1/5
f 2900/1/5 2896/1/5 2899/1/5
f 2901/7/5 2898/7/5 2897/7/5
f 2902/7/5 2898/7/5 2901/7/5
f 2909/8/5 2904/8/5 2903/8/5
f 2910/1/5 2905/1/5 2904/1/5
f 2910/8/5 2904/8/5 2909/8/5
f 2911/1/5 2905/1/5 2910/1/5
f 2923/4/5 2907/4/5 2906/4/5
f 2924/8/5 2908/8/5 2907/8/5
f 2924/4/5 2907/4/5 2923/4/5
f 2925/8/5 2908/8/5 2924/8/5
f 2926/7/5 2911/7/5 2910/7/5
f 2927/3/5 2912/3/5 2911/3/5
f 2927/7/5 2911/7/5 2926/7/5
f 2928/3/5 2912/3/5 2927/3/5
f 2929/1/5 2914/1/5 2913/1/5
f 2929/1/5 2915/1/5 2914/1/5
f 2930/3/5 2916/3/5 2915/3/5
f 2930/1/5 2915/1/5 2929/1/5
f 2930/3/5 2917/3/5 2916/3/5
f 2930/3/5 2918/3/5 2917/3/5
f 2931/1/5 2920/1/5 2919/1/5
f 2931/3/5 2918/3/5 2930/3/5
f 2931/1/5 2919/1/5 2918/1/5
f 2932/7/5 2921/7/5 2920/7/5
f 2932/1/5 2920/1/5 2931/1/5
f 2933/7/5 2921/7/5 2932/7/5
f 2934/4/5 2923/4/5 2922/4/5
f 2935/7/5 2924/7/5 2923/7/5
f 2935/4/5 2923/4/5 2934/4/5
f 2936/7/5 2924/7/5 2935/7/5
f 2937/8/5 2928/8/5 2927/8/5
f 2938/8/5 2928/8/5 2937/8/5
f 2939/8/5 2935/8/5 2934/8/5
f 2940/8/5 2935/8/5 2939/8/5
f 2948/1/5 2942/1/5 2941/1/5
f 2949/1/5 2942/1/5 2948/1/5
f 2954/1/5 2944/1/5 2943/1/5
f 2955/1/5 2944/1/5 2954/1/5
f 2960/1/5 2946/1/5 2945/1/5
f 2961/1/5 2946/1/5 2960/1/5
f 2963/1/5 2948/1/5 2947/1/5
f 2963/1/5 2949/1/5 2948/1/5
f 2963/1/5 2950/1/5 2949/1/5
f 2964/1/5 2950/1/5 2963/1/5
f 2965/5/5 2951/5/5 2950/5/5
f 2965/1/5 2950/1/5 2964/1/5
f 2966/5/5 2951/5/5 2965/5/5
f 2967/5/5 2953/5/5 2952/5/5
f 2968/5/5 2953/5/5 2967/5/5
f 2969/5/5 2955/5/5 2954/5/5
f 2970/5/5 2955/5/5 2969/5/5
f 2971/3/5 2959/3/5 2958/3/5
f 2971/1/5 2962/1/5 2961/1/5
f 2971/1/5 2961/1/5 2960/1/5
f 2971/3/5 2960/3/5 2959/3/5
f 2971/3/5 2958/3/5 2957/3/5
f 2972/1/5 2962/1/5 2971/1/5
f 2973/1/5 2962/1/5 2972/1/5
f 2974/1/5 2966/1/5 2965/1/5
f 2974/6/5 2967/6/5 2966/6/5
f 2974/1/5 2965/1/5 2964/1/5
f 2975/1/5 2968/1/5 2967/1/5
f 2975/6/5 2967/6/5 2974/6/5
f 2976/1/5 2968/1/5 2975/1/5
f 2977/1/5 2957/1/5 2956/1/5
f 2978/2/5 2972/2/5 2971/2/5
f 2979/1/5 2974/1/5 2964/1/5
f 2979/1/5 2976/1/5 2975/1/5
f 2979/1/5 2975/1/5 2974/1/5
f 2980/1/5 2976/1/5 2979/1/5
f 2981/1/5 2957/1/5 2977/1/5
f 2982/3/5 2971/3/5 2957/3/5
f 2982/1/5 2957/1/5 2981/1/5
f 2983/3/5 2971/3/5 2982/3/5
f 2984/2/5 2978/2/5 2971/2/5
f 2984/3/5 2971/3/5 2983/3/5
f 2985/5/5 2980/5/5 2979/5/5
f 2986/1/5 2976/1/5 2980/1/5
f 2986/5/5 2980/5/5 2985/5/5
f 2987/1/5 2976/1/5 2986/1/5
f 2988/1/5 2976/1/5 2987/1/5
f 2989/3/5 2983/3/5 2982/3/5
f 2989/3/5 2982/3/5 2981/3/5
f 2990/2/5 2984/2/5 2983/2/5
f 2990/3/5 2983/3/5 2989/3/5
f 2993/2/5 2988/2/5 2987/2/5
f 2993/2/5 2989/2/5 2988/2/5
f 2993/2/5 2990/2/5 2989/2/5
f 2994/2/5 2978/2/5 2984/2/5
f 2994/2/5 2984/2/5 2990/2/5
f 2994/2/5 2990/2/5 2993/2/5
f 2995/2/5 2978/2/5 2994/2/5
f 2996/5/5 2992/5/5 2991/5/5
f 2997/2/5 2993/2/5 2992/2/5
f 2997/5/5 2992/5/5 2996/5/5
f 2997/2/5 2994/2/5 2993/2/5
f 2998/2/5 2994/2/5 2997/2/5
f 2999/5/5 2995/5/5 2994/5/5
f 2999/2/5 2994/2/5 2998/2/5
f 3000/5/5 2995/5/5 2999/5/5
f 3001/2/5 2998/2/5 2997/2/5
f 3001/2/5 2997/2/5 2996/2/5
f 3004/2/5 3002/2/5 3001/2/5
f 3004/5/5 3003/5/5 3002/5/5
f 3005/5/5 3003/5/5 3004/5/5
f 3006/2/5 3004/2/5 3001/2/5
f 3006/2/5 3005/2/5 3004/2/5
f 3007/2/5 3005/2/5 3006/2/5
f 3008/2/5 3001/2/5 2996/2/5
f 3008/2/5 3006/2/5 3001/2/5
f 3009/2/5 3006/2/5 3008/2/5
f 3010/2/5 3006/2/5 3009/2/5
f 3011/4/5 3007/4/5 3006/4/5
f 3012/2/5 3006/2/5 3010/2/5
f 3012/3/5 3010/3/5 3009/3/5
f 3013/2/5 3006/2/5 3012/2/5
f 3014/4/5 3011/4/5 3006/4/5
f 3016/3/5 3012/3/5 3009/3/5
f 3016/3/5 3013/3/5 3012/3/5
f 3017/2/5 3006/2/5 3013/2/5
f 3017/3/5 3013/3/5 3016/3/5
f 3018/2/5 3006/2/5 3017/2/5
f 3019/4/5 3014/4/5 3006/4/5
f 3019/2/5 3006/2/5 3018/2/5
f 3020/4/5 3014/4/5 3019/4/5
f 3022/1/5 3016/1/5 3015/1/5
f 3023/3/5 3017/3/5 3016/3/5
f 3023/1/5 3016/1/5 3022/1/5
f 3024/3/5 3017/3/5 3023/3/5
f 3025/3/5 3017/3/5 3024/3/5
f 3026/3/5 3017/3/5 3025/3/5
f 3027/5/5 3018/5/5 3017/5/5
f 3027/3/5 3017/3/5 3026/3/5
f 3028/3/5 3019/3/5 3018/3/5
f 3028/5/5 3018/5/5 3027/5/5
f 3029/4/5 3020/4/5 3019/4/5
f 3029/3/5 3019/3/5 3028/3/5
f 3029/4/5 3021/4/5 3020/4/5
f 3030/4/5 3021/4/5 3029/4/5
f 3031/4/5 3021/4/5 3030/4/5
f 3032/4/5 3021/4/5 3031/4/5
f 3033/3/5 3024/3/5 3023/3/5
f 3034/3/5 3024/3/5 3033/3/5
f 3035/4/5 3031/4/5 3030/4/5
f 3036/4/5 3031/4/5 3035/4/5
f 3039/2/5 3038/2/5 3037/2/5
f 3040/2/5 3038/2/5 3039/2/5
f 3041/5/5 3040/5/5 3039/5/5
f 3042/5/5 3040/5/5 3041/5/5
f 3046/1/5 3044/1/5 3043/1/5
f 3047/5/5 3045/5/5 3044/5/5
f 3047/1/5 3044/1/5 3046/1/5
f 3048/5/5 3045/5/5 3047/5/5
f 3052/5/5 3050/5/5 3049/5/5
f 3053/1/5 3051/1/5 3050/1/5
f 3053/5/5 3050/5/5 3052/5/5
f 3054/1/5 3051/1/5 3053/1/5
f 3057/5/5 3056/5/5 3055/5/5
f 3058/5/5 3056/5/5 3057/5/5
f 3059/1/5 3058/1/5 3057/1/5
f 3060/1/5 3058/1/5 3059/1/5
f 3063/2/5 3062/2/5 3061/2/5
f 3064/2/5 3063/2/5 3061/2/5
f 3065/2/5 3063/2/5 3064/2/5
f 3066/5/5 3065/5/5 3064/5/5
f 3067/5/5 3065/5/5 3066/5/5
f 3071/2/5 3069/2/5 3068/2/5
f 3072/5/5 3070/5/5 3069/5/5
f 3072/2/5 3069/2/5 3071/2/5
f 3073/5/5 3070/5/5 3072/5/5
f 3077/5/5 3075/5/5 3074/5/5
f 3078/2/5 3076/2/5 3075/2/5
f 3078/5/5 3075/5/5 3077/5/5
f 3079/2/5 3076/2/5 3078/2/5
f 3083/5/5 3081/5/5 3080/5/5
f 3084/2/5 3082/2/5 3081/2/5
f 3084/5/5 3081/5/5 3083/5/5
f 3085/2/5 3082/2/5 3084/2/5
f 3088/5/5 3087/5/5 3086/5/5
f 3089/5/5 3087/5/5 3088/5/5
f 3090/2/5 3089/2/5 3088/2/5
f 3091/2/5 3089/2/5 3090/2/5
f 3094/1/5 3093/1/5 3092/1/5
f 3095/1/5 3093/1/5 3094/1/5
f 3096/5/5 3095/5/5 3094/5/5
f 3097/5/5 3095/5/5 3096/5/5
f 3101/2/5 3099/2/5 3098/2/5
f 3102/5/5 3100/5/5 3099/5/5
f 3102/2/5 3099/2/5 3101/2/5
f 3103/5/5 3100/5/5 3102/5/5
f 3107/5/5 3105/5/5 3104/5/5
f 3108/2/5 3106/2/5 3105/2/5
f 3108/5/5 3105/5/5 3107/5/5
f 3109/2/5 3106/2/5 3108/2/5
f 3114/1/5 3111/1/5 3110/1/5
f 3115/1/5 3111/1/5 3114/1/5
f 3118/1/5 3113/1/5 3112/1/5
f 3119/1/5 3113/1/5 3118/1/5
f 3122/7/5 3116/7/5 3115/7/5
f 3123/1/5 3117/1/5 3116/1/5
f 3123/7/5 3116/7/5 3122/7/5
f 3124/1/5 3117/1/5 3123/1/5
f 3127/1/5 3121/1/5 3120/1/5
f 3128/1/5 3121/1/5 3127/1/5
f 3129/5/5 3124/5/5 3123/5/5
f 3129/5/5 3123/5/5 3122/5/5
f 3130/5/5 3124/5/5 3129/5/5
f 3131/1/5 3126/1/5 3125/1/5
f 3132/1/5 3126/1/5 3131/1/5
f 3137/1/5 3134/1/5 3133/1/5
f 3138/1/5 3134/1/5 3137/1/5
f 3139/1/5 3136/1/5 3135/1/5
f 3140/1/5 3136/1/5 3139/1/5
f 3145/2/5 3142/2/5 3141/2/5
f 3146/2/5 3142/2/5 3145/2/5
f 3147/2/5 3144/2/5 3143/2/5
f 3148/2/5 3144/2/5 3147/2/5
f 3151/5/5 3150/5/5 3149/5/5
f 3152/5/5 3150/5/5 3151/5/5
f 3153/5/5 3150/5/5 3152/5/5
f 3154/1/5 3152/1/5 3151/1/5
f 3155/2/5 3153/2/5 3152/2/5
f 3155/1/5 3152/1/5 3154/1/5
f 3156/2/5 3153/2/5 3155/2/5
f 3159/2/5 3158/2/5 3157/2/5
f 3160/2/5 3158/2/5 3159/2/5
f 3161/5/5 3160/5/5 3159/5/5
f 3162/5/5 3160/5/5 3161/5/5
f 3166/5/5 3164/5/5 3163/5/5
f 3167/4/5 3165/4/5 3164/4/5
f 3167/5/5 3164/5/5 3166/5/5
f 3168/4/5 3165/4/5 3167/4/5
f 3172/4/5 3170/4/5 3169/4/5
f 3173/5/5 3171/5/5 3170/5/5
f 3173/4/5 3170/4/5 3172/4/5
f 3174/7/5 3173/7/5 3172/7/5
f 3175/5/5 3171/5/5 3173/5/5
f 3175/7/5 3173/7/5 3174/7/5
f 3176/2/5 3175/2/5 3174/2/5
f 3177/5/5 3171/5/5 3175/5/5
f 3177/2/5 3175/2/5 3176/2/5
f 3178/5/5 3171/5/5 3177/5/5
f 3182/5/5 3180/5/5 3179/5/5
f 3183/7/5 3181/7/5 3180/7/5
f 3183/5/5 3180/5/5 3182/5/5
f 3184/7/5 3181/7/5 3183/7/5
f 3185/1/6 3186/1/6 3192/1/6
f 3192/1/6 3186/1/6 3193/1/6
f 3187/1/6 3188/1/6 3195/1/6
f 3195/1/6 3188/1/6 3196/1/6
f 3189/1/6 3190/1/6 3201/1/6
f 3201/1/6 3190/1/6 3202/1/6
f 3191/1/6 3192/1/6 3204/1/6
f 3192/1/6 3193/1/6 3204/1/6
f 3204/1/6 3193/1/6 3205/1/6
f 3193/2/6 3194/2/6 3206/2/6
f 3205/1/6 3193/1/6 3206/1/6
f 3195/5/6 3196/5/6 3207/5/6
f 3207/5/6 3196/5/6 3208/5/6
f 3199/3/6 3200/3/6 3209/3/6
f 3202/1/6 3203/1/6 3209/1/6
f 3201/1/6 3202/1/6 3209/1/6
f 3198/3/6 3199/3/6 3209/3/6
f 3200/3/6 3201/3/6 3209/3/6
f 3209/1/6 3203/1/6 3210/1/6
f 3210/1/6 3203/1/6 3211/1/6
f 3206/2/6 3194/2/6 3212/2/6
f 3197/1/6 3198/1/6 3213/1/6
f 3209/2/6 3210/2/6 3214/2/6
f 3213/1/6 3198/1/6 3215/1/6
f 3198/3/6 3209/3/6 3216/3/6
f 3215/1/6 3198/1/6 3216/1/6
f 3216/3/6 3209/3/6 3217/3/6
f 3209/2/6 3214/2/6 3218/2/6
f 3217/3/6 3209/3/6 3218/3/6
f 3205/3/6 3206/3/6 3219/3/6
f 3206/2/6 3212/2/6 3220/2/6
f 3219/3/6 3206/3/6 3220/3/6
f 3220/2/6 3212/2/6 3221/2/6
f 3221/2/6 3212/2/6 3222/2/6
f 3216/3/6 3217/3/6 3223/3/6
f 3215/3/6 3216/3/6 3223/3/6
f 3217/2/6 3218/2/6 3224/2/6
f 3223/3/6 3217/3/6 3224/3/6
f 3221/4/6 3222/4/6 3227/4/6
f 3222/4/6 3223/4/6 3227/4/6
f 3223/4/6 3224/4/6 3227/4/6
f 3227/4/6 3224/4/6 3228/4/6
f 3224/2/6 3218/2/6 3229/2/6
f 3228/4/6 3224/4/6 3229/4/6
f 3227/4/6 3228/4/6 3230/4/6
f 3226/4/6 3227/4/6 3230/4/6
f 3228/5/6 3229/5/6 3231/5/6
f 3230/4/6 3228/4/6 3231/4/6
f 3229/2/6 3218/2/6 3232/2/6
f 3231/5/6 3229/5/6 3232/5/6
f 3218/2/6 3214/2/6 3233/2/6
f 3232/2/6 3218/2/6 3233/2/6
f 3230/5/6 3231/5/6 3234/5/6
f 3226/4/6 3230/4/6 3234/4/6
f 3231/4/6 3232/4/6 3235/4/6
f 3234/5/6 3231/5/6 3235/5/6
f 3235/4/6 3232/4/6 3236/4/6
f 3225/1/6 3226/1/6 3238/1/6
f 3226/4/6 3234/4/6 3239/4/6
f 3238/1/6 3226/1/6 3239/1/6
f 3234/4/6 3235/4/6 3239/4/6
f 3235/4/6 3236/4/6 3239/4/6
f 3238/2/6 3239/2/6 3240/2/6
f 3240/2/6 3239/2/6 3241/2/6
f 3239/4/6 3236/4/6 3242/4/6
f 3241/2/6 3239/2/6 3242/2/6
f 3242/4/6 3236/4/6 3243/4/6
f 3243/4/6 3236/4/6 3244/4/6
f 3240/2/6 3241/2/6 3245/2/6
f 3241/4/6 3242/4/6 3246/4/6
f 3245/2/6 3241/2/6 3246/2/6
f 3242/4/6 3243/4/6 3246/4/6
f 3246/4/6 3243/4/6 3247/4/6
f 3236/1/6 3237/1/6 3248/1/6
f 3244/4/6 3236/4/6 3248/4/6
f 3248/1/6 3237/1/6 3249/1/6
f 3249/1/6 3237/1/6 3250/1/6
f 3247/4/6 3243/4/6 3251/4/6
f 3246/3/6 3247/3/6 3251/3/6
f 3245/3/6 3246/3/6 3251/3/6
f 3243/2/6 3244/2/6 3252/2/6
f 3251/4/6 3243/4/6 3252/4/6
f 3249/3/6 3250/3/6 3253/3/6
f 3248/4/6 3249/4/6 3253/4/6
f 3253/3/6 3250/3/6 3254/3/6
f 3245/3/6 3251/3/6 3256/3/6
f 3251/3/6 3252/3/6 3256/3/6
f 3252/2/6 3244/2/6 3257/2/6
f 3256/3/6 3252/3/6 3257/3/6
f 3253/4/6 3254/4/6 3258/4/6
f 3257/2/6 3244/2/6 3258/2/6
f 3244/4/6 3248/4/6 3258/4/6
f 3248/4/6 3253/4/6 3258/4/6
f 3258/4/6 3254/4/6 3259/4/6
f 3259/4/6 3254/4/6 3260/4/6
f 3255/1/6 3256/1/6 3262/1/6
f 3258/3/6 3259/3/6 3263/3/6
f 3262/1/6 3256/1/6 3263/1/6
f 3257/3/6 3258/3/6 3263/3/6
f 3256/3/6 3257/3/6 3263/3/6
f 3263/3/6 3259/3/6 3264/3/6
f 3264/3/6 3259/3/6 3265/3/6
f 3265/3/6 3259/3/6 3266/3/6
f 3266/3/6 3259/3/6 3267/3/6
f 3259/4/6 3260/4/6 3268/4/6
f 3267/3/6 3259/3/6 3268/3/6
f 3260/4/6 3261/4/6 3268/4/6
f 3268/4/6 3261/4/6 3269/4/6
f 3269/4/6 3261/4/6 3270/4/6
f 3270/4/6 3261/4/6 3271/4/6
f 3263/3/6 3264/3/6 3272/3/6
f 3272/3/6 3264/3/6 3273/3/6
f 3269/4/6 3270/4/6 3274/4/6
f 3274/4/6 3270/4/6 3275/4/6
f 3276/2/6 3277/2/6 3278/2/6
f 3278/2/6 3277/2/6 3279/2/6
f 3280/1/6 3281/1/6 3283/1/6
f 3281/5/6 3282/5/6 3284/5/6
f 3283/1/6 3281/1/6 3284/1/6
f 3284/5/6 3282/5/6 3285/5/6
f 3286/5/6 3287/5/6 3289/5/6
f 3287/3/6 3288/3/6 3290/3/6
f 3289/5/6 3287/5/6 3290/5/6
f 3290/3/6 3288/3/6 3291/3/6
f 3292/5/6 3293/5/6 3294/5/6
f 3294/5/6 3293/5/6 3295/5/6
f 3294/1/6 3295/1/6 3296/1/6
f 3296/1/6 3295/1/6 3297/1/6
f 3298/7/6 3299/7/6 3302/7/6
f 3302/7/6 3299/7/6 3303/7/6
f 3300/1/6 3301/1/6 3306/1/6
f 3306/1/6 3301/1/6 3307/1/6
f 3304/1/6 3305/1/6 3310/1/6
f 3310/1/6 3305/1/6 3311/1/6
f 3308/1/6 3309/1/6 3314/1/6
f 3314/1/6 3309/1/6 3315/1/6
f 3310/3/6 3311/3/6 3316/3/6
f 3316/3/6 3311/3/6 3317/3/6
f 3312/7/6 3313/7/6 3318/7/6
f 3318/7/6 3313/7/6 3319/7/6
f 3316/5/6 3317/5/6 3320/5/6
f 3320/5/6 3317/5/6 3321/5/6
f 3322/1/6 3323/1/6 3325/1/6
f 3323/5/6 3324/5/6 3326/5/6
f 3325/1/6 3323/1/6 3326/1/6
f 3326/5/6 3324/5/6 3327/5/6
f 3328/7/6 3329/7/6 3332/7/6
f 3332/7/6 3329/7/6 3333/7/6
f 3330/1/6 3331/1/6 3334/1/6
f 3334/1/6 3331/1/6 3335/1/6
f 3336/2/6 3337/2/6 3340/2/6
f 3340/2/6 3337/2/6 3341/2/6
f 3338/2/6 3339/2/6 3342/2/6
f 3342/2/6 3339/2/6 3343/2/6
f 3344/1/6 3345/1/6 3347/1/6
f 3345/2/6 3346/2/6 3348/2/6
f 3347/1/6 3345/1/6 3348/1/6
f 3348/2/6 3346/2/6 3349/2/6
f 3347/5/6 3348/5/6 3350/5/6
f 3348/5/6 3349/5/6 3350/5/6
f 3350/5/6 3349/5/6 3351/5/6
f 3352/5/6 3353/5/6 3355/5/6
f 3353/2/6 3354/2/6 3356/2/6
f 3355/5/6 3353/5/6 3356/5/6
f 3356/2/6 3354/2/6 3357/2/6
f 3358/5/6 3359/5/6 3361/5/6
f 3359/2/6 3360/2/6 3362/2/6
f 3361/5/6 3359/5/6 3362/5/6
f 3362/2/6 3360/2/6 3363/2/6
f 3364/5/6 3365/5/6 3366/5/6
f 3366/5/6 3365/5/6 3367/5/6
f 3366/2/6 3367/2/6 3368/2/6
f 3368/2/6 3367/2/6 3369/2/6
f 3370/1/6 3371/1/6 3372/1/6
f 3372/1/6 3371/1/6 3373/1/6
f 3372/5/6 3373/5/6 3374/5/6
f 3374/5/6 3373/5/6 3375/5/6
f 3376/2/6 3377/2/6 3379/2/6
f 3377/5/6 3378/5/6 3380/5/6
f 3379/2/6 3377/2/6 3380/2/6
f 3380/5/6 3378/5/6 3381/5/6
f 3382/5/6 3383/5/6 3385/5/6
f 3383/2/6 3384/2/6 3386/2/6
f 3385/5/6 3383/5/6 3386/5/6
f 3386/2/6 3384/2/6 3387/2/6
f 3388/5/6 3389/5/6 3390/5/6
f 3390/5/6 3389/5/6 3391/5/6
f 3391/5/6 3389/5/6 3392/5/6
f 3390/1/6 3391/1/6 3393/1/6
f 3391/2/6 3392/2/6 3394/2/6
f 3393/1/6 3391/1/6 3394/1/6
f 3394/2/6 3392/2/6 3395/2/6
f 3396/5/6 3397/5/6 3399/5/6
f 3397/2/6 3398/2/6 3400/2/6
f 3399/5/6 3397/5/6 3400/5/6
f 3400/2/6 3398/2/6 3401/2/6
f 3402/2/6 3403/2/6 3404/2/6
f 3404/2/6 3403/2/6 3405/2/6
f 3404/5/6 3405/5/6 3406/5/6
f 3406/5/6 3405/5/6 3407/5/6
f 3408/2/6 3409/2/6 3411/2/6
f 3409/5/6 3410/5/6 3412/5/6
f 3411/2/6 3409/2/6 3412/2/6
f 3411/1/6 3412/1/6 3413/1/6
f 3412/5/6 3410/5/6 3414/5/6
f 3413/1/6 3412/1/6 3414/1/6
f 3414/5/6 3410/5/6 3415/5/6
f 3416/5/6 3417/5/6 3419/5/6
f 3417/2/6 3418/2/6 3420/2/6
f 3419/5/6 3417/5/6 3420/5/6
f 3420/2/6 3418/2/6 3421/2/6
f 3422/7/6 3423/7/6 3427/7/6
f 3427/7/6 3423/7/6 3428/7/6
f 3424/1/6 3425/1/6 3433/1/6
f 3433/1/6 3425/1/6 3434/1/6
f 3426/7/6 3427/7/6 3437/7/6
f 3427/1/6 3428/1/6 3438/1/6
f 3437/7/6 3427/7/6 3438/7/6
f 3438/1/6 3428/1/6 3439/1/6
f 3429/7/6 3430/7/6 3440/7/6
f 3440/7/6 3430/7/6 3441/7/6
f 3441/7/6 3430/7/6 3442/7/6
f 3430/2/6 3431/2/6 3443/2/6
f 3442/7/6 3430/7/6 3443/7/6
f 3431/7/6 3432/7/6 3444/7/6
f 3443/2/6 3431/2/6 3444/2/6
f 3444/7/6 3432/7/6 3445/7/6
f 3445/7/6 3432/7/6 3446/7/6
f 3434/7/6 3435/7/6 3447/7/6
f 3433/7/6 3434/7/6 3447/7/6
f 3447/7/6 3435/7/6 3448/7/6
f 3448/7/6 3435/7/6 3449/7/6
f 3436/1/6 3437/1/6 3451/1/6
f 3437/1/6 3438/1/6 3451/1/6
f 3451/1/6 3438/1/6 3452/1/6
f 3452/1/6 3438/1/6 3453/1/6
f 3449/7/6 3450/7/6 3454/7/6
f 3448/7/6 3449/7/6 3454/7/6
f 3454/7/6 3450/7/6 3455/7/6
f 3455/7/6 3450/7/6 3456/7/6
f 3457/7/6 3458/7/6 3461/7/6
f 3459/7/6 3460/7/6 3462/7/6
f 3457/7/6 3461/7/6 3463/7/6
f 3462/7/6 3460/7/6 3464/7/6
f 3457/7/6 3463/7/6 3465/7/6
f 3465/7/6 3463/7/6 3466/7/6
f 3465/2/6 3466/2/6 3467/2/6
f 3467/2/6 3466/2/6 3468/2/6
f 3464/7/6 3460/7/6 3469/7/6
f 3467/4/6 3468/4/6 3470/4/6
f 3469/7/6 3460/7/6 3471/7/6
f 3467/4/6 3470/4/6 3472/4/6
f 3472/4/6 3470/4/6 3473/4/6
f 3472/7/6 3473/7/6 3474/7/6
f 3474/7/6 3473/7/6 3475/7/6
f 3471/7/6 3460/7/6 3476/7/6
f 3476/7/6 3460/7/6 3477/7/6
f 3474/2/6 3475/2/6 3478/2/6
f 3478/2/6 3475/2/6 3479/2/6
f 3476/2/6 3477/2/6 3480/2/6
f 3480/2/6 3477/2/6 3481/2/6
f 3478/7/6 3479/7/6 3482/7/6
f 3482/7/6 3479/7/6 3483/7/6
f 3480/7/6 3481/7/6 3484/7/6
f 3484/7/6 3481/7/6 3485/7/6
f 3487/7/6 3488/7/6 3492/7/6
f 3486/7/6 3487/7/6 3492/7/6
f 3492/7/6 3488/7/6 3493/7/6
f 3493/7/6 3488/7/6 3494/7/6
f 3489/1/6 3490/1/6 3505/1/6
f 3490/7/6 3491/7/6 3506/7/6
f 3505/1/6 3490/1/6 3506/1/6
f 3506/7/6 3491/7/6 3507/7/6
f 3493/1/6 3494/1/6 3508/1/6
f 3494/7/6 3495/7/6 3509/7/6
f 3508/1/6 3494/1/6 3509/1/6
f 3509/7/6 3495/7/6 3510/7/6
f 3496/4/6 3497/4/6 3511/4/6
f 3497/1/6 3498/1/6 3512/1/6
f 3511/4/6 3497/4/6 3512/4/6
f 3498/7/6 3499/7/6 3513/7/6
f 3512/1/6 3498/1/6 3513/1/6
f 3499/7/6 3500/7/6 3513/7/6
f 3500/7/6 3501/7/6 3513/7/6
f 3501/7/6 3502/7/6 3513/7/6
f 3502/2/6 3503/2/6 3514/2/6
f 3513/7/6 3502/7/6 3514/7/6
f 3514/2/6 3503/2/6 3515/2/6
f 3504/2/6 3505/2/6 3516/2/6
f 3505/1/6 3506/1/6 3517/1/6
f 3516/2/6 3505/2/6 3517/2/6
f 3517/1/6 3506/1/6 3518/1/6
f 3509/7/6 3510/7/6 3519/7/6
f 3519/7/6 3510/7/6 3520/7/6
f 3516/2/6 3517/2/6 3521/2/6
f 3521/2/6 3517/2/6 3522/2/6
f 3523/7/6 3524/7/6 3528/7/6
f 3528/7/6 3524/7/6 3529/7/6
f 3525/7/6 3526/7/6 3534/7/6
f 3534/7/6 3526/7/6 3535/7/6
f 3527/8/6 3528/8/6 3538/8/6
f 3528/7/6 3529/7/6 3539/7/6
f 3538/8/6 3528/8/6 3539/8/6
f 3539/7/6 3529/7/6 3540/7/6
f 3530/8/6 3531/8/6 3541/8/6
f 3531/7/6 3532/7/6 3542/7/6
f 3541/8/6 3531/8/6 3542/8/6
f 3542/7/6 3532/7/6 3543/7/6
f 3543/7/6 3532/7/6 3544/7/6
f 3532/8/6 3533/8/6 3545/8/6
f 3544/7/6 3532/7/6 3545/7/6
f 3545/8/6 3533/8/6 3546/8/6
f 3534/7/6 3535/7/6 3547/7/6
f 3535/8/6 3536/8/6 3548/8/6
f 3547/7/6 3535/7/6 3548/7/6
f 3548/8/6 3536/8/6 3549/8/6
f 3537/7/6 3538/7/6 3551/7/6
f 3538/7/6 3539/7/6 3551/7/6
f 3551/7/6 3539/7/6 3552/7/6
f 3552/7/6 3539/7/6 3553/7/6
f 3549/7/6 3550/7/6 3554/7/6
f 3548/7/6 3549/7/6 3554/7/6
f 3554/7/6 3550/7/6 3555/7/6
f 3555/7/6 3550/7/6 3556/7/6
f 3557/8/6 3558/8/6 3561/8/6
f 3561/8/6 3558/8/6 3562/8/6
f 3559/8/6 3560/8/6 3563/8/6
f 3563/8/6 3560/8/6 3564/8/6
f 3561/7/6 3562/7/6 3565/7/6
f 3563/7/6 3564/7/6 3566/7/6
f 3561/7/6 3565/7/6 3567/7/6
f 3567/7/6 3565/7/6 3568/7/6
f 3566/7/6 3564/7/6 3569/7/6
f 3569/7/6 3564/7/6 3570/7/6
f 3567/8/6 3568/8/6 3571/8/6
f 3571/8/6 3568/8/6 3572/8/6
f 3569/8/6 3570/8/6 3573/8/6
f 3573/8/6 3570/8/6 3574/8/6
f 3571/7/6 3572/7/6 3575/7/6
f 3573/7/6 3574/7/6 3576/7/6
f 3576/7/6 3574/7/6 3577/7/6
f 3571/7/6 3575/7/6 3578/7/6
f 3578/7/6 3575/7/6 3579/7/6
f 3576/8/6 3577/8/6 3580/8/6
f 3580/8/6 3577/8/6 3581/8/6
f 3583/7/6 3584/7/6 3588/7/6
f 3582/7/6 3583/7/6 3588/7/6
f 3588/7/6 3584/7/6 3589/7/6
f 3589/7/6 3584/7/6 3590/7/6
f 3585/2/6 3586/2/6 3600/2/6
f 3586/2/6 3587/2/6 3600/2/6
f 3600/2/6 3587/2/6 3601/2/6
f 3601/2/6 3587/2/6 3602/2/6
f 3589/8/6 3590/8/6 3603/8/6
f 3590/7/6 3591/7/6 3604/7/6
f 3603/8/6 3590/8/6 3604/8/6
f 3604/7/6 3591/7/6 3605/7/6
f 3592/7/6 3593/7/6 3606/7/6
f 3593/2/6 3594/2/6 3607/2/6
f 3606/7/6 3593/7/6 3607/7/6
f 3594/7/6 3595/7/6 3608/7/6
f 3607/2/6 3594/2/6 3608/2/6
f 3595/8/6 3596/8/6 3609/8/6
f 3608/7/6 3595/7/6 3609/7/6
f 3596/7/6 3597/7/6 3610/7/6
f 3609/8/6 3596/8/6 3610/8/6
f 3597/8/6 3598/8/6 3611/8/6
f 3610/7/6 3597/7/6 3611/7/6
f 3611/8/6 3598/8/6 3612/8/6
f 3599/4/6 3600/4/6 3613/4/6
f 3600/8/6 3601/8/6 3614/8/6
f 3613/4/6 3600/4/6 3614/4/6
f 3614/8/6 3601/8/6 3615/8/6
f 3604/7/6 3605/7/6 3616/7/6
f 3616/7/6 3605/7/6 3617/7/6
f 3613/7/6 3614/7/6 3618/7/6
f 3618/7/6 3614/7/6 3619/7/6
f 3620/7/6 3621/7/6 3625/7/6
f 3625/7/6 3621/7/6 3626/7/6
f 3622/7/6 3623/7/6 3631/7/6
f 3631/7/6 3623/7/6 3632/7/6
f 3624/8/6 3625/8/6 3635/8/6
f 3625/7/6 3626/7/6 3636/7/6
f 3635/8/6 3625/8/6 3636/8/6
f 3636/7/6 3626/7/6 3637/7/6
f 3627/7/6 3628/7/6 3638/7/6
f 3628/8/6 3629/8/6 3639/8/6
f 3638/7/6 3628/7/6 3639/7/6
f 3629/7/6 3630/7/6 3640/7/6
f 3639/8/6 3629/8/6 3640/8/6
f 3640/7/6 3630/7/6 3641/7/6
f 3631/7/6 3632/7/6 3642/7/6
f 3632/8/6 3633/8/6 3643/8/6
f 3642/7/6 3632/7/6 3643/7/6
f 3643/8/6 3633/8/6 3644/8/6
f 3634/7/6 3635/7/6 3646/7/6
f 3635/7/6 3636/7/6 3646/7/6
f 3646/7/6 3636/7/6 3647/7/6
f 3647/7/6 3636/7/6 3648/7/6
f 3644/7/6 3645/7/6 3649/7/6
f 3643/7/6 3644/7/6 3649/7/6
f 3649/7/6 3645/7/6 3650/7/6
f 3650/7/6 3645/7/6 3651/7/6
f 3652/7/6 3653/7/6 3656/7/6
f 3654/7/6 3655/7/6 3657/7/6
f 3652/7/6 3656/7/6 3658/7/6
f 3658/7/6 3656/7/6 3659/7/6
f 3657/7/6 3655/7/6 3660/7/6
f 3660/7/6 3655/7/6 3661/7/6
f 3658/8/6 3659/8/6 3662/8/6
f 3662/8/6 3659/8/6 3663/8/6
f 3660/8/6 3661/8/6 3664/8/6
f 3664/8/6 3661/8/6 3665/8/6
f 3662/7/6 3663/7/6 3666/7/6
f 3664/7/6 3665/7/6 3667/7/6
f 3662/7/6 3666/7/6 3668/7/6
f 3668/7/6 3666/7/6 3669/7/6
f 3667/7/6 3665/7/6 3670/7/6
f 3670/7/6 3665/7/6 3671/7/6
f 3673/7/6 3674/7/6 3678/7/6
f 3672/7/6 3673/7/6 3678/7/6
f 3678/7/6 3674/7/6 3679/7/6
f 3679/7/6 3674/7/6 3680/7/6
f 3675/7/6 3676/7/6 3689/7/6
f 3676/7/6 3677/7/6 3689/7/6
f 3689/7/6 3677/7/6 3690/7/6
f 3690/7/6 3677/7/6 3691/7/6
f 3679/8/6 3680/8/6 3692/8/6
f 3680/7/6 3681/7/6 3693/7/6
f 3692/8/6 3680/8/6 3693/8/6
f 3693/7/6 3681/7/6 3694/7/6
f 3682/7/6 3683/7/6 3695/7/6
f 3683/7/6 3684/7/6 3695/7/6
f 3684/8/6 3685/8/6 3696/8/6
f 3695/7/6 3684/7/6 3696/7/6
f 3686/7/6 3687/7/6 3697/7/6
f 3696/8/6 3685/8/6 3697/8/6
f 3685/7/6 3686/7/6 3697/7/6
f 3697/7/6 3687/7/6 3698/7/6
f 3688/7/6 3689/7/6 3699/7/6
f 3689/8/6 3690/8/6 3700/8/6
f 3699/7/6 3689/7/6 3700/7/6
f 3700/8/6 3690/8/6 3701/8/6
f 3693/7/6 3694/7/6 3702/7/6
f 3702/7/6 3694/7/6 3703/7/6
f 3699/7/6 3700/7/6 3704/7/6
f 3704/7/6 3700/7/6 3705/7/6
f 3706/8/6 3707/8/6 3711/8/6
f 3711/8/6 3707/8/6 3712/8/6
f 3708/8/6 3709/8/6 3715/8/6
f 3715/8/6 3709/8/6 3716/8/6
f 3710/8/6 3711/8/6 3719/8/6
f 3719/8/6 3711/8/6 3720/8/6
f 3712/7/6 3713/7/6 3721/7/6
f 3721/7/6 3713/7/6 3722/7/6
f 3713/8/6 3714/8/6 3723/8/6
f 3722/7/6 3713/7/6 3723/7/6
f 3714/7/6 3715/7/6 3724/7/6
f 3723/8/6 3714/8/6 3724/8/6
f 3724/7/6 3715/7/6 3725/7/6
f 3725/7/6 3715/7/6 3726/7/6
f 3716/8/6 3717/8/6 3727/8/6
f 3727/8/6 3717/8/6 3728/8/6
f 3718/8/6 3719/8/6 3730/8/6
f 3730/8/6 3719/8/6 3731/8/6
f 3728/8/6 3729/8/6 3734/8/6
f 3734/8/6 3729/8/6 3735/8/6
f 3731/7/6 3732/7/6 3736/7/6
f 3736/7/6 3732/7/6 3737/7/6
f 3733/7/6 3734/7/6 3738/7/6
f 3738/7/6 3734/7/6 3739/7/6
f 3736/8/6 3737/8/6 3740/8/6
f 3740/8/6 3737/8/6 3741/8/6
f 3738/8/6 3739/8/6 3742/8/6
f 3742/8/6 3739/8/6 3743/8/6
f 3740/7/6 3741/7/6 3745/7/6
f 3745/7/6 3741/7/6 3746/7/6
f 3742/7/6 3743/7/6 3747/7/6
f 3747/7/6 3743/7/6 3748/7/6
f 3744/7/6 3745/7/6 3750/7/6
f 3750/7/6 3745/7/6 3751/7/6
f 3748/8/6 3749/8/6 3758/8/6
f 3758/8/6 3749/8/6 3759/8/6
f 3751/8/6 3752/8/6 3760/8/6
f 3760/8/6 3752/8/6 3761/8/6
f 3753/7/6 3754/7/6 3762/7/6
f 3754/8/6 3755/8/6 3763/8/6
f 3762/7/6 3754/7/6 3763/7/6
f 3755/7/6 3756/7/6 3764/7/6
f 3763/8/6 3755/8/6 3764/8/6
f 3764/7/6 3756/7/6 3765/7/6
f 3757/8/6 3758/8/6 3766/8/6
f 3766/8/6 3758/8/6 3767/8/6
f 3761/7/6 3762/7/6 3768/7/6
f 3768/7/6 3762/7/6 3769/7/6
f 3765/8/6 3766/8/6 3770/8/6
f 3770/8/6 3766/8/6 3771/8/6
f 3772/8/6 3773/8/6 3777/8/6
f 3777/8/6 3773/8/6 3778/8/6
f 3774/8/6 3775/8/6 3781/8/6
f 3781/8/6 3775/8/6 3782/8/6
f 3776/8/6 3777/8/6 3784/8/6
f 3784/8/6 3777/8/6 3785/8/6
f 3778/7/6 3779/7/6 3786/7/6
f 3779/8/6 3780/8/6 3787/8/6
f 3786/7/6 3779/7/6 3787/7/6
f 3780/7/6 3781/7/6 3788/7/6
f 3787/8/6 3780/8/6 3788/8/6
f 3788/7/6 3781/7/6 3789/7/6
f 3782/8/6 3783/8/6 3790/8/6
f 3790/8/6 3783/8/6 3791/8/6
f 3785/8/6 3786/8/6 3793/8/6
f 3793/8/6 3786/8/6 3794/8/6
f 3789/8/6 3790/8/6 3795/8/6
f 3795/8/6 3790/8/6 3796/8/6
f 3792/7/6 3793/7/6 3798/7/6
f 3798/7/6 3793/7/6 3799/7/6
f 3794/8/6 3795/8/6 3800/8/6
f 3800/8/6 3795/8/6 3801/8/6
f 3796/8/6 3797/8/6 3802/8/6
f 3802/8/6 3797/8/6 3803/8/6
f 3799/7/6 3800/7/6 3804/7/6
f 3804/7/6 3800/7/6 3805/7/6
f 3801/8/6 3802/8/6 3806/8/6
f 3806/8/6 3802/8/6 3807/8/6
f 3808/8/6 3809/8/6 3812/8/6
f 3812/8/6 3809/8/6 3813/8/6
f 3810/8/6 3811/8/6 3814/8/6
f 3814/8/6 3811/8/6 3815/8/6
f 3813/8/6 3814/8/6 3816/8/6
f 3816/8/6 3814/8/6 3817/8/6
f 3813/8/6 3816/8/6 3818/8/6
f 3817/8/6 3814/8/6 3819/8/6
f 3813/8/6 3818/8/6 3821/8/6
f 3818/8/6 3819/8/6 3821/8/6
f 3819/8/6 3814/8/6 3822/8/6
f 3821/8/6 3819/8/6 3822/8/6
f 3820/8/6 3821/8/6 3824/8/6
f 3824/8/6 3821/8/6 3825/8/6
f 3822/8/6 3823/8/6 3826/8/6
f 3826/8/6 3823/8/6 3827/8/6
f 3828/8/6 3829/8/6 3830/8/6
f 3830/8/6 3829/8/6 3831/8/6
f 3828/8/6 3830/8/6 3832/8/6
f 3831/8/6 3829/8/6 3833/8/6
f 3828/8/6 3832/8/6 3834/8/6
f 3832/8/6 3833/8/6 3834/8/6
f 3833/8/6 3829/8/6 3835/8/6
f 3834/8/6 3833/8/6 3835/8/6
f 3836/8/6 3837/8/6 3838/8/6
f 3838/8/6 3837/8/6 3839/8/6
